5,"Ch·∫•t li·ªáu:coton m·ªÅm m·ªãn ƒê√∫ng v·ªõi m√¥ t·∫£:Ch·∫•t li·ªáu m·ªÅm m·ªãn, thun m√°t co d√£n t·ªët M√†u s·∫Øc:tr·∫Øng  Shop n√†y m√¨nh ƒë√£ mua 1 v√†i s·∫£n ph·∫©m v√† th·∫•y ch·∫•t l∆∞·ª£ng kh√° t·ªët, v·∫£i m·∫∑c m·ªÅm m√°t, th·∫•m h√∫t m·ªì h√¥i t·ªët","√Åo thun nam c·ªï tr√≤n HAFOS √Åo ph√¥ng nam basic tay ng·∫Øn ch·∫•t v·∫£i cotton cao c·∫•p th·∫•m h√∫t, √°o thun tr∆°n basic"
5,"Ch·∫•t li·ªáu:m·ªãn ƒê√∫ng v·ªõi m√¥ t·∫£:ƒë√∫ng M√†u s·∫Øc:n√¢u  M·∫∑c v·ª´a ng∆∞·ªùi , m√†u s·∫Øc gi·ªëng h√¨nh, v·∫£i t∆∞∆°ng ƒë·ªëi m·ªãn, √≠t co gi√£n, ƒë·ª©ng form √°o, sale V√µ H√† Linh 73k m√† k c√≥ ·∫£nh n√™n l·∫•y t·∫°m","[Ch·ªâ c√≤n 73.238 ƒë sau khi √°p voucher] √Åo thun nam c·ªï tr√≤n HAFOS cao c·∫•p, l·ªãch l√£m HAFOS"
5,"M√†u s·∫Øc:X√°m Ch·∫•t li·ªáu:Cotton  V·∫£i ƒë·∫πp, v·ª´a v·∫∑n, ƒë√≥ng g√≥i k·ªπ c√†ng v√† in th√¥ng tin CSKH r·∫•t ch·ªân chu lu√¥n ·∫° üíñ. B√™n n√†y m√¨nh mua c≈©ng v√†i l·∫ßn r·ªìi, l·∫ßn n√†o c≈©ng ∆∞ng h·∫øt üíï recommend m·ªçi ng∆∞·ªùi c√≥ th·ªÉ mua ƒë·ªÉ m·∫∑c ho·∫∑c c√≥ th·ªÉ t·∫∑ng n·ª≠a kia c≈©ng h·ª£p l√Ω l·∫Øm üëç. (Size L, 1m72, 56kg) c√≤n s·ªë ƒëo c√≤n l·∫°i m√¨nh kh√¥ng nh·ªõ r√µ n√™n ƒëi·ªÅn ∆∞·ªõm ch·ª´ng thui",√Åo thun nam c·ªï tr√≤n HAFOS √Åo ph√¥ng nam basic tay ng·∫Øn ch·∫•t v·∫£i cotton cao c·∫•p th·∫•m h√∫t
5,"Ch·∫•t li·ªáu:vai M√†u s·∫Øc:xanh ƒê√∫ng v·ªõi m√¥ t·∫£:ƒë√∫ng  Ship nhanh, v·∫£i m·∫∑c v√†o c≈©ng t·∫°m ·ªïn, mua dc gi√° sale 1xx, n√™n mua nha mng","[Ch·ªâ c√≤n 73.238 ƒë sau khi √°p voucher] √Åo thun nam c·ªï tr√≤n HAFOS cao c·∫•p, l·ªãch l√£m HAFOS"
5,"ch·∫•t v·∫£i tho√°ng m√°t, √°o ƒë·∫πp l·∫Øm, giao si√™u nhanh c√≥ ƒëi·ªÅu mua ƒëc c√≥ 1 c√°i thoiii, s·∫Ω ·ªßng h·ªô ti·∫øp v√¨ ch·∫•t v·∫£i kh√° ∆∞ng","[Ch·ªâ c√≤n 73.238 ƒë sau khi √°p voucher] √Åo thun nam c·ªï tr√≤n HAFOS cao c·∫•p, l·ªãch l√£m HAFOS"
5,"M√†u s·∫Øc:kem, nau va xam ƒê√∫ng v·ªõi m√¥ t·∫£:ƒë√∫ng m√¥ t·∫£ Ch·∫•t li·ªáu:thun  Ch·∫•t thun m·ªÅm, m·ªãn v√† m√°t. M·∫∑c tho·∫£i m√°i v√† th·∫•m h√∫t m·ªì h√¥i. M√¨nh mua 3 l·∫ßn cho ch·ªìng m·∫∑c r·ªìi. Ki·ªÉu ƒë∆°n gi·∫£n nh∆∞ng l√™n √°o ƒë·∫πp v√† ti·ªán ƒëi ch∆°i. Giao h√†ng r·∫•t l√† nhanh lu√¥n.","√Åo thun nam c·ªï tr√≤n HAFOS √Åo ph√¥ng nam basic tay ng·∫Øn ch·∫•t v·∫£i cotton cao c·∫•p th·∫•m h√∫t, √°o thun tr∆°n basic"
5,Oke l·∫Øm nha ch·∫•t v·∫£i c≈©ng ·ªïn n·ªØa hong qu√° m·ªènh ƒë√¢u. Shipper th√¢n thi·ªán d·ªÖ m·∫øn oke la,"[Ch·ªâ c√≤n 73.238 ƒë sau khi √°p voucher] √Åo thun nam c·ªï tr√≤n HAFOS cao c·∫•p, l·ªãch l√£m HAFOS"
5,√Åo v·∫£i ƒë·∫πp. M√†u c≈©ng xinh. B·∫°n m√¨nh m·∫∑c form kh√° ƒë·∫πp. SƒÉn sale n√™n ƒë∆∞·ª£c gi√° si√™u h·ªùi. Ch·∫•t l∆∞·ª£ng l·∫Øm m·ªçi ng∆∞·ªùi ∆°i. S·∫Ω ·ªßng h·ªô shop th√™m nhi·ªÅu l·∫ßn n·ªØa,"[Ch·ªâ c√≤n 73.238 ƒë sau khi √°p voucher] √Åo thun nam c·ªï tr√≤n HAFOS cao c·∫•p, l·ªãch l√£m HAFOS"
5,Quay l·∫°i l·∫ßn 2 Qu·∫ßn √°o ch·∫•t l∆∞·ª£ng V·∫£i x·ªãn x√≤  M·ªôt trong nh·ªØng shop qu·∫ßn √°o nam m√¨nh th·∫•y Oke nh·∫•t  ƒê√°ng mua nh√©,"√Åo thun nam c·ªï tr√≤n HAFOS √Åo ph√¥ng nam basic tay ng·∫Øn ch·∫•t v·∫£i cotton cao c·∫•p th·∫•m h√∫t, √°o thun tr∆°n basic"
5,ƒê√∫ng c√† ƒë·ªß s·∫£n ph·∫©m  Giao h√†ng kh√° nhanh Shop h·ªó tr·ª£ nhi·ªát t√¨nh chuy√™n nghi·ªáp,√Åo thun nam c·ªï tr√≤n HAFOS √Åo ph√¥ng nam basic tay ng·∫Øn ch·∫•t v·∫£i cotton cao c·∫•p th·∫•m h√∫t
5,"H√†ng ok ƒë·∫πp, ch∆∞a m·∫∑t k bi·∫øt b·ªÅn m√†u hay kh√¥ng, hay c√≥ b·ªã gi√£n qua  v√†i l·∫ßn gi·∫∑c kh√¥ng, d·ªãch v·ª• ng b√°n t·ªët, ƒë·ªïi h√†ng l·∫ßn trc c√≥ h·ªó tr·ª£ ph√≠,","[Ch·ªâ c√≤n 73.238 ƒë sau khi √°p voucher] √Åo thun nam c·ªï tr√≤n HAFOS cao c·∫•p, l·ªãch l√£m HAFOS"
5,"ƒê√∫ng v·ªõi m√¥ t·∫£:k√™ Ch·∫•t li·ªáu:cotton M√†u s·∫Øc:n√¢u  ƒê·∫πp, m·∫∑c th·∫•m h√∫t m·ªì h√¥i t·ªët, s·∫Ω mua ti·∫øp, m√†u ƒë·∫πp, cotton co gi√£n nhi·ªÅu üßê","[Ch·ªâ c√≤n 73.238 ƒë sau khi √°p voucher] √Åo thun nam c·ªï tr√≤n HAFOS cao c·∫•p, l·ªãch l√£m HAFOS"
5,"xink ƒë·∫πp ti·ªát d·ªùi, g√≥i h√†ng ch·∫Øc ch·∫Øn, m√πi s·∫£n ph·∫©m d·ªÖ ch·ªãu, ƒë√≥ng g√≥i v√† v·∫≠n chuy·ªÉn nhank ch√≥ng, m·∫£i iu s·ªëp nh√¨u ·∫°","[Ch·ªâ c√≤n 73.238 ƒë sau khi √°p voucher] √Åo thun nam c·ªï tr√≤n HAFOS cao c·∫•p, l·ªãch l√£m HAFOS"
5,ƒê√∫ng v·ªõi m√¥ t·∫£:ƒë√∫ng Ch·∫•t li·ªáu:cotton M√†u s·∫Øc:ƒë√∫ng  Giao h√†ng r·∫•t nhanh. √Åo v·ª´a v·∫∑n. ∆Øng √Ω,√Åo thun nam c·ªï tr√≤n HAFOS √Åo ph√¥ng nam basic tay ng·∫Øn ch·∫•t v·∫£i cotton cao c·∫•p th·∫•m h√∫t
5,"ƒê√∫ng v·ªõi m√¥ t·∫£:ddusng Ch·∫•t li·ªáu:cotton M√†u s·∫Øc:ƒë·ªè ƒë√¥  √Åo ƒë·∫πp, ch·∫•t l∆∞·ª£ng, giao h√†ng nhanh ch√≥ng","[Ch·ªâ c√≤n 73.238 ƒë sau khi √°p voucher] √Åo thun nam c·ªï tr√≤n HAFOS cao c·∫•p, l·ªãch l√£m HAFOS"
5,"M√†u s·∫Øc:n√¢u ƒê√∫ng v·ªõi m√¥ t·∫£:ƒë√∫ng  H·∫øt m√†u cafe n√™n s·ªëp b√°o ƒë·ªïi th√†nh m√†u n√¢u c≈©m ∆∞ngg. Nh∆∞ng m√† h∆°i d√†i v·ªõi ng∆∞·ªùi y√™u m√¨nhü§£. M√¨nh m·∫∑c test th√¨ v·ª´a , m√†u s√°ng da nhen. L·∫ßn sau mua m√¨nh s·∫Ω l√πi m·ªôt size cho ·∫£nh","[Ch·ªâ c√≤n 73.238 ƒë sau khi √°p voucher] √Åo thun nam c·ªï tr√≤n HAFOS cao c·∫•p, l·ªãch l√£m HAFOS"
4,"Ch·∫•t li·ªáu:cotton  V·∫£i cotton m·∫∑c m√°t. B·ªã c√°i ƒë·∫∑t m√†u xanh ƒë·∫≠m shop giao m√†u x√°m, m√†u x√°m c≈©ng ƒë·∫πp m√† th√≠ch m√†u xanh h∆°n n√™n qu√°nh gi√° 4*","[Ch·ªâ c√≤n 73.238 ƒë sau khi √°p voucher] √Åo thun nam c·ªï tr√≤n HAFOS cao c·∫•p, l·ªãch l√£m HAFOS"
5,ƒê√∫ng v·ªõi m√¥ t·∫£:ƒë√∫ng v·ªõi so shop ch·ª•p Ch·∫•t li·ªáu:ch·∫•t li·ªáu.m·∫∑c tho√°ng m√°t kh√° ok M√†u s·∫Øc:m√†u s·∫Øc ƒë·∫πp  Shop t√≠ v·∫•n nhi·ªát t√¨nh giao h√†ng nhanh s·∫Ω ·ªßng h·ªô ti·∫øp üëçüëçüëç,√Åo thun nam c·ªï tr√≤n HAFOS √Åo ph√¥ng nam basic tay ng·∫Øn ch·∫•t v·∫£i cotton cao c·∫•p th·∫•m h√∫t
5,"√°o ƒë·∫πp l·∫Øm mn ·∫° , sƒÉn sale m√† ko nghƒ© ƒë·∫πp v·∫≠y . V·ªõi t·∫ßm gi√° n√†y m√† mua √°o basic nh∆∞ n√†y m·∫∑c v·ª´a l·ªãch s·ª± v·ª´a sang . M√†u b√™n ngo√†i y h√¨nh . C·ªï bo chun ch·∫•t li·ªáu ƒë·∫πp fit d√°ng ko ph·∫£i lo·∫°i nhanh d√£n nh∆∞ m·∫•y h√†ng cotton ƒë√¢u ·∫°","[Ch·ªâ c√≤n 73.238 ƒë sau khi √°p voucher] √Åo thun nam c·ªï tr√≤n HAFOS cao c·∫•p, l·ªãch l√£m HAFOS"
5,"Ch·∫•t li·ªáu:cotton ƒê√∫ng v·ªõi m√¥ t·∫£:ƒë√∫ng M√†u s·∫Øc:navy  √Åo m·∫∑c r·ªông r√£i tho·∫£i m√°i, ch·∫•t v·∫£i m√°t v√† co d√£n, c·∫£m gi√°c h∆°i pha ch√∫t nilon nh∆∞ng v·∫´n r·∫•t h√†i l√≤ng.","[Ch·ªâ c√≤n 73.238 ƒë sau khi √°p voucher] √Åo thun nam c·ªï tr√≤n HAFOS cao c·∫•p, l·ªãch l√£m HAFOS"
5,M√†u s·∫Øc:ok Ch·∫•t li·ªáu:ok ƒê√∫ng v·ªõi m√¥ t·∫£:d·∫πp  Sp oke mua live h√† Linh M·ªõi nh·∫≠n h√†ng. S√†i th·ª≠ oke Gi√° r·∫ª h∆°n shop kh√°c  n√™n mua Giao nhanh ·∫¢nh nh√¢nn xu th√¥i nhaz,"[Ch·ªâ c√≤n 73.238 ƒë sau khi √°p voucher] √Åo thun nam c·ªï tr√≤n HAFOS cao c·∫•p, l·ªãch l√£m HAFOS"
5,Shop ƒë√≥ng g√≥i v√† giao h√†ng nhanh. √Åo v·∫£i d√†y d·∫∑n co gi√£n r·∫•t ƒë·∫πp. SƒÉn sale gi√° r·∫ª.,"[Ch·ªâ c√≤n 73.238 ƒë sau khi √°p voucher] √Åo thun nam c·ªï tr√≤n HAFOS cao c·∫•p, l·ªãch l√£m HAFOS"
5,"ƒê√£ mua √°o cho √¥ng x√£ c·ªßa Hafos l·∫ßn th·ª© 4. M√†u ƒë·∫πp, v·∫£i cotton nh·∫π m√°t, th·∫•m h√∫t m·ªì h√¥i",√Åo thun nam c·ªï tr√≤n HAFOS √Åo ph√¥ng nam basic tay ng·∫Øn ch·∫•t v·∫£i cotton cao c·∫•p th·∫•m h√∫t
5,"√Åo m√†u ƒë·∫πp, ƒë∆°n giao nhanh ch√≥ng. Ch·∫•t li·ªáu x·ªãn l·∫Øm nha. Gi√° n√†y qu√° l√† ·ªïn lu√¥n",√Åo thun nam c·ªï tr√≤n HAFOS √Åo ph√¥ng nam basic tay ng·∫Øn ch·∫•t v·∫£i cotton cao c·∫•p th·∫•m h√∫t
5,"V·∫£i r·∫•t t·ªët, form √°o ƒë·∫πp, m·∫∑c m√°t, ƒë√≥ng g√≥i k·ªπ, l·∫ßn t·ªõi ti·∫øp t·ª•c ·ªßng h·ªô shop",√Åo thun nam c·ªï tr√≤n HAFOS √Åo ph√¥ng nam basic tay ng·∫Øn ch·∫•t v·∫£i cotton cao c·∫•p th·∫•m h√∫t
5,"ƒê√∫ng v·ªõi m√¥ t·∫£:ddusng Ch·∫•t li·ªáu:vai cotton M√†u s·∫Øc:xanh  √Åo ƒë·∫πp ch·∫•t d√†y, n√™n mua nha m·ªçi ng∆∞·ªùi, sƒÉn sale 5k","[Ch·ªâ c√≤n 73.238 ƒë sau khi √°p voucher] √Åo thun nam c·ªï tr√≤n HAFOS cao c·∫•p, l·ªãch l√£m HAFOS"
5,ƒê√∫ng v·ªõi m√¥ t·∫£:ƒë√∫ng z Ch·∫•t li·ªáu:ƒë·∫πp M√†u s·∫Øc:oki  √ù nghƒ©a nh·∫•t c√≥ th·ªÉ l√† c≈©ng t·∫°m ·ªïn n√†y c√≥ th·ªÉ l√† do s·ª± c√≥ m·∫∑t t·∫°i 1 ƒë√™m üåÉüåÉüåÉ c√≥ th·ªÉ l√† c≈©ng k sao ha,"[Ch·ªâ c√≤n 73.238 ƒë sau khi √°p voucher] √Åo thun nam c·ªï tr√≤n HAFOS cao c·∫•p, l·ªãch l√£m HAFOS"
5,Ch·∫•t li·ªáu:ok ƒê√∫ng v·ªõi m√¥ t·∫£:ok M√†u s·∫Øc:ok  S·∫£n ph·∫©m t·ªët l·∫°i c√≥ qu√†. √Åo v·∫£i t·ªët s·∫Ω ·ªßng h·ªô shop nhi·ªÅu l·∫ßn t·ªõi. Thankssssskiu,√Åo thun nam c·ªï tr√≤n HAFOS √Åo ph√¥ng nam basic tay ng·∫Øn ch·∫•t v·∫£i cotton cao c·∫•p th·∫•m h√∫t
5,ƒê√∫ng v·ªõi m√¥ t·∫£:ok Ch·∫•t li·ªáu:ok  √°o ƒë·∫πp mn y√™n t√¢m m√† mua nh√©. clip v·ªõi ·∫£nh nh·∫≠n xu th√¥i mn y√™n t√¢m mua ƒëi okkkkkkkkkkkk,"[Ch·ªâ c√≤n 73.238 ƒë sau khi √°p voucher] √Åo thun nam c·ªï tr√≤n HAFOS cao c·∫•p, l·ªãch l√£m HAFOS"
5,M√†u s·∫Øc:xanh  V·∫£i m√°t t·ªët co gi√£n m√¨nh mua shop n√†y nhi·ªÅu r·ªìi mua cho ch·ªìng m√¨nh ·∫£nh r·∫•t th√≠ch ƒë√°ng mua,"√Åo thun nam c·ªï tr√≤n HAFOS √Åo ph√¥ng nam basic tay ng·∫Øn ch·∫•t v·∫£i cotton cao c·∫•p th·∫•m h√∫t, √°o thun tr∆°n basic"
5,ƒê√∫ng v·ªõi m√¥ t·∫£:ƒê√∫ng Ch·∫•t li·ªáu:Cotton M√†u s·∫Øc:X√°m  h√∫ng t√¥i t·∫≠p h·ª£p kho ph√≤ng ngh·ªâ l·ªõn nh·∫•t ƒë·ªÉ ƒë·∫£m b·∫£o b·∫°n s·∫Ω t√¨m ƒë∆∞·ª£c ch·ªó t·ªët nh·∫•t. Ch√∫ng t√¥i c√≥ h∆°n 40 ph∆∞∆°ng th·ª©c thanh to√°n ƒë·ªÉ gi·ªØ gi√° th·∫•p nh·∫•t. Kh√¥ng c·∫ßn th·∫ª t√≠n d·ª•ng. Web th√¢n thi·ªán di ƒë·ªông. H·ªó tr·ª£ b·∫±ng ti·∫øng Vi·ªát. Gi√° ƒë·∫∑c bi·ªát.,√Åo thun nam c·ªï tr√≤n HAFOS √Åo ph√¥ng nam basic tay ng·∫Øn ch·∫•t v·∫£i cotton cao c·∫•p th·∫•m h√∫t
5,"√Åo ƒë·∫πp, ch·∫•t li·ªáu m√°t, m√†u s·∫Øc ƒë·∫πp, shop ƒë√≥ng g√≥i c·∫ßn th·∫≠n, ƒë√£ mua nhi·ªÅu l·∫ßn c·ªßa shop","√Åo thun nam c·ªï tr√≤n HAFOS √Åo ph√¥ng nam basic tay ng·∫Øn ch·∫•t v·∫£i cotton cao c·∫•p th·∫•m h√∫t, √°o thun tr∆°n basic"
5,"ƒê·ª£t m√¨nh c√≥ mua c·ªßa shop b√™n s√†n L 3 c√°i r·ªìi, v·∫£i m·ªãn, ƒë·∫πp, nay sale r·∫ª n√™n m√¨nh mua ti·∫øp.","[Ch·ªâ c√≤n 73.238 ƒë sau khi √°p voucher] √Åo thun nam c·ªï tr√≤n HAFOS cao c·∫•p, l·ªãch l√£m HAFOS"
5,"Ch·∫•t v·∫£i ƒë·∫πp, m·ªÅm, m·ªãn, tho√°ng, gi√° r·∫ª, n√™n mua nha m·ªçi ng∆∞·ªùi, m√¨nh s·∫Ω mua th√™m v√†i m√†u n·ªØa",√Åo thun nam c·ªï tr√≤n HAFOS √Åo ph√¥ng nam basic tay ng·∫Øn ch·∫•t v·∫£i cotton cao c·∫•p th·∫•m h√∫t
5,Ch·∫•t li·ªáu:v·∫£i M√†u s·∫Øc:da ƒê√∫ng v·ªõi m√¥ t·∫£:ƒë√∫ng  Ch·∫•t v·∫£i m·ªÅm m·ªãn. M√°t c·∫£m ∆°n shop nhi·ªÅu. Mh s·∫Ω ·ªßng h·ªô th√™m nha,"[Ch·ªâ c√≤n 73.238 ƒë sau khi √°p voucher] √Åo thun nam c·ªï tr√≤n HAFOS cao c·∫•p, l·ªãch l√£m HAFOS"
5,K·∫πp t√≥c c√†ng cua m√†u ƒëen 5 rƒÉng H√†n Qu·ªëc n·ªØ ƒë·∫πp hottrend - C·∫∑p b√∫i c√†o t√≥c d·ªÖ th∆∞∆°ng m√†u ƒëen,"[Ch·ªâ c√≤n 73.238 ƒë sau khi √°p voucher] √Åo thun nam c·ªï tr√≤n HAFOS cao c·∫•p, l·ªãch l√£m HAFOS"
5,S·∫£n ph·∫©m r·∫•t ƒë·∫πp t·ªët gi√° th√†nh r·∫ª h∆°n so v·ªõi ch·∫•t l∆∞·ª£ng giao h√†ng max nhanh n√≥i chung l√† 110 ƒëi·ªÉm cho shop,√Åo thun nam c·ªï tr√≤n HAFOS √Åo ph√¥ng nam basic tay ng·∫Øn ch·∫•t v·∫£i cotton cao c·∫•p th·∫•m h√∫t
5,"√Åo ƒë·∫πp n·ªØa m·ªçi ng∆∞·ªùi , sƒÉn Sale gi√° OK , √°o thun m√†u xanh than ch·∫•t ƒë·∫πp ,giao h√†ng nhanh","[Ch·ªâ c√≤n 73.238 ƒë sau khi √°p voucher] √Åo thun nam c·ªï tr√≤n HAFOS cao c·∫•p, l·ªãch l√£m HAFOS"
5,"M√†u ƒë·∫πp, ƒë√∫ng h√¨nh m·∫´u ƒëƒÉng, ƒë√∫ng size ƒë·∫∑t, ti·∫øc l√† mua t·∫∑ng nh∆∞ng shop ko cho k√®m h·ªôp ƒë·ª±ng m√† ch·ªâ ƒë·ªÉ trong b·ªãch nilong th√¥i :((","√Åo thun nam c·ªï tr√≤n HAFOS √Åo ph√¥ng nam basic tay ng·∫Øn ch·∫•t v·∫£i cotton cao c·∫•p th·∫•m h√∫t, √°o thun tr∆°n basic"
5,Giao h√†ng nhanh  ƒê√≥ng g√≥i k·ªπ c√†ng  V·∫£i ƒë·∫πp M·ªãn m√°t ƒê∆∞·ªùng may s·∫Øc n√©t,"√Åo thun nam c·ªï tr√≤n HAFOS √Åo ph√¥ng nam basic tay ng·∫Øn ch·∫•t v·∫£i cotton cao c·∫•p th·∫•m h√∫t, √°o thun tr∆°n basic"
5,√Åo ƒë·∫πp giao h√†ng nhanh xanh sale √† linh kh·ªèe xƒÉng Shell H√† ƒë·∫øn s√°ng h·∫£,"[Ch·ªâ c√≤n 73.238 ƒë sau khi √°p voucher] √Åo thun nam c·ªï tr√≤n HAFOS cao c·∫•p, l·ªãch l√£m HAFOS"
5,"S·∫£n ph·∫©m ƒë·∫πp, ch·∫•t l∆∞·ª£ng, ch·∫•t v·∫£i m√°t m·ªÅm, s·∫Ω ·ªßng h·ªô shop l·∫ßn sau","[Ch·ªâ c√≤n 73.238 ƒë sau khi √°p voucher] √Åo thun nam c·ªï tr√≤n HAFOS cao c·∫•p, l·ªãch l√£m HAFOS"
5,"V·∫£i m√°t, ch∆∞a bi·∫øt c√≥ th·∫•m m·ªì h√¥i kh√¥ng. Form c≈©ng ƒë∆∞·ª£c",√Åo thun nam c·ªï tr√≤n HAFOS √Åo ph√¥ng nam basic tay ng·∫Øn ch·∫•t v·∫£i cotton cao c·∫•p th·∫•m h√∫t
5,Hay mua √°o cho ck m√¨nh ·ªü ƒë√¢y. ChƒÉm s√≥c kh√°ch h√†ng t·ªët nhi·ªát t√¨nh. Ch·∫•t v·∫£i oki l·∫Øm ·∫°,√Åo thun nam c·ªï tr√≤n HAFOS √Åo ph√¥ng nam basic tay ng·∫Øn ch·∫•t v·∫£i cotton cao c·∫•p th·∫•m h√∫t
5,"üåæNay nh√† em chuy·ªÉn h∆∞·ªõng kinh doanh, d·∫•n th√¢n v√†o lƒ©nh v·ª±c c√≤ng l∆∞ng v·∫∑t l√¥ng y·∫øn üòÇ  ‚ùå‚ùåMua ai c≈©ng z·∫≠y, mua c·ªßa m·∫π B·ªëng, m·∫π B·ªëng v√† B·ªëng c·∫£m ∆°n ·∫° üíãüíã  üíüY·∫øn s√†o B√¨nh ƒê·ªãnh  üåæY·∫øn nh√† l√†m m·ªçi ng∆∞·ªùi y√™n t√¢m v·ªÅ kh√¢u ch·ªçn y·∫øn nh·∫∑t l√¥ng   üåæC√≥ th·ªÉ coi l√† t·ªï Y·∫øn qu·ªëc d√¢n v√¨ gi√° tr·ªã dinh d∆∞·ª°ng t∆∞∆°ng ƒë∆∞∆°ng m√† gi√° l·∫°i ƒë·∫πp, ti·ªán d√πng, m·ªói l·∫ßn ƒÉn b·ªè ra ng√¢m r·ªìi ch∆∞ng k c·∫ßn nh·∫∑t ·∫°! üåæCam k·∫øt Y·∫øn s·∫°ch, chu·∫©n, kh√¥ng ph·ª• gia, kh√¥ng t·∫©m, kh√¥ng t·∫©y.  üí∏ Y·∫øn th√¥ ch∆∞a nh·∫∑t : 2.200.000 üí∏ Y·∫øn s·∫°ch ƒë√£ nh·∫∑t : 3.200.00 Freeship üíå ---------------- Hotline : 0935642780",√Åo thun nam c·ªï tr√≤n HAFOS √Åo ph√¥ng nam basic tay ng·∫Øn ch·∫•t v·∫£i cotton cao c·∫•p th·∫•m h√∫t
5,"M√†u s·∫Øc:ok Ch·∫•t li·ªáu:ok ƒê√∫ng v·ªõi m√¥ t·∫£:ok  Giao h√†ng nhanh, ƒë√≥ng ng√≥i ch·∫Øc ch·∫Øn, s·∫£n ph·∫©m ch·∫•t l∆∞·ª£ng","[Ch·ªâ c√≤n 73.238 ƒë sau khi √°p voucher] √Åo thun nam c·ªï tr√≤n HAFOS cao c·∫•p, l·ªãch l√£m HAFOS"
5,S·∫£n ph·∫©m ƒë·∫°t y√™u c·∫ßu c·ªßa kh√°ch h√†ng v√† mang l·∫°i l·ª£i √≠ch th·ª±c t·∫ø cho kh√°ch h√†ng c√≥ kh·∫£ nƒÉng s·∫Ω quay l·∫°i mua s·∫£n ph·∫©m ti·∫øp theo khi c√≥ nhu c·∫ßu,√Åo thun nam c·ªï tr√≤n HAFOS √Åo ph√¥ng nam basic tay ng·∫Øn ch·∫•t v·∫£i cotton cao c·∫•p th·∫•m h√∫t
5,"ƒê√∫ng v·ªõi m√¥ t·∫£:dung Ch·∫•t li·ªáu:thun M√†u s·∫Øc:da  S·∫£n ph·∫©m ƒë·∫πp, ch·∫•t l∆∞·ª£ng v·∫£i t·ªët, giao h√†ng nhanh, s·∫Ω mua l·∫°i l·∫ßn sau","[Ch·ªâ c√≤n 73.238 ƒë sau khi √°p voucher] √Åo thun nam c·ªï tr√≤n HAFOS cao c·∫•p, l·ªãch l√£m HAFOS"
5,M√†u s·∫Øc:n√¢u ƒê√∫ng v·ªõi m√¥ t·∫£:ƒë·∫πp Ch·∫•t li·ªáu:ƒë·∫πp  Kh√° √¥m l√™n form ƒë·∫πp sƒÉn ƒë∆∞·ª£c v·ªõi deal Ha Linh qu√° h·ªùi lu√¥n,"[Ch·ªâ c√≤n 73.238 ƒë sau khi √°p voucher] √Åo thun nam c·ªï tr√≤n HAFOS cao c·∫•p, l·ªãch l√£m HAFOS"
5,Ch·∫•t li·ªáu:cotton M√†u s·∫Øc:ƒëen ƒê√∫ng v·ªõi m√¥ t·∫£:ƒë√∫ng  √Åo ƒë·∫πp. ƒê√∫ng form. V·∫£i m·∫∑t m√°t. N√™n mua nha ·∫°. Tin t∆∞·ªüng sh 100%,√Åo thun nam c·ªï tr√≤n HAFOS √Åo ph√¥ng nam basic tay ng·∫Øn ch·∫•t v·∫£i cotton cao c·∫•p th·∫•m h√∫t
5,S·∫£n ph·∫©m ch·∫•t l∆∞·ª£ng. Giao h√†ng nhanh. Shop t∆∞ v·∫•n nhanh v√† chu·∫©n nha. S·∫Ω ·ªßng h·ªô l·∫ßn sau,√Åo thun nam c·ªï tr√≤n HAFOS √Åo ph√¥ng nam basic tay ng·∫Øn ch·∫•t v·∫£i cotton cao c·∫•p th·∫•m h√∫t
5,ƒê√∫ng v·ªõi m√¥ t·∫£:ƒë√∫ng m√¥ t·∫£ Ch·∫•t li·ªáu:m·∫∑c k qu√° n√≥ng v·∫£i m√°t M√†u s·∫Øc:m√†u kem mn n√™n mua nh√° ƒë·∫πp l·∫Øm √° nha,"[Ch·ªâ c√≤n 73.238 ƒë sau khi √°p voucher] √Åo thun nam c·ªï tr√≤n HAFOS cao c·∫•p, l·ªãch l√£m HAFOS"
5,√Åo xinh v·∫£i t·∫°m ·ªïn m·∫∑c m√°t mua sƒÉn sale h√† linh n√™n oke nha cho 5 sao,"[Ch·ªâ c√≤n 73.238 ƒë sau khi √°p voucher] √Åo thun nam c·ªï tr√≤n HAFOS cao c·∫•p, l·ªãch l√£m HAFOS"
5,M√†u s·∫Øc:h·ªìng  Mk th·∫•y h∆°n 100k m√† mua c √°o cug ok .n√™n mua cho shop mn ·∫° .mk  xem m√†u n√†o ug mk mua ti·∫øp,√Åo thun nam c·ªï tr√≤n HAFOS √Åo ph√¥ng nam basic tay ng·∫Øn ch·∫•t v·∫£i cotton cao c·∫•p th·∫•m h√∫t
5,s·ªë ƒëo b·∫•m ƒë·∫°i ƒë·ªÉ nh·∫≠n xu hoi nha hihi  m√¨nh mua s·∫Øp full b·∫£ng m√†u r·ªìi √° kkk th√≠ch v·∫£i n√†y l·∫Øm,√Åo thun nam c·ªï tr√≤n HAFOS √Åo ph√¥ng nam basic tay ng·∫Øn ch·∫•t v·∫£i cotton cao c·∫•p th·∫•m h√∫t
5,s·ªë ƒëo b·∫•m ƒë·∫°i ƒë·ªÉ nh·∫≠n xu hoi nha hihi  m√¨nh mua s·∫Øp full b·∫£ng m√†u r·ªìi √° kkk th√≠ch v·∫£i n√†y l·∫Øm,√Åo thun nam c·ªï tr√≤n HAFOS √Åo ph√¥ng nam basic tay ng·∫Øn ch·∫•t v·∫£i cotton cao c·∫•p th·∫•m h√∫t
5,"Ch·∫•t l∆∞·ª£ng s·∫£n ph·∫©m t·ªët, shop ƒë√≥ng g√≥i c·∫©n th·∫≠n, giao h√†ng nhanh","[Ch·ªâ c√≤n 73.238 ƒë sau khi √°p voucher] √Åo thun nam c·ªï tr√≤n HAFOS cao c·∫•p, l·ªãch l√£m HAFOS"
5,"√Åo ƒë·∫πp, m·ª©c gi√° ntn th√¨ √°o qu√° l√† oke ·∫°, s·∫Ω ti·∫øp t·ª•c ·ªßng h·ªô",√Åo thun nam c·ªï tr√≤n HAFOS √Åo ph√¥ng nam basic tay ng·∫Øn ch·∫•t v·∫£i cotton cao c·∫•p th·∫•m h√∫t
5,"M√†u s·∫Øc:X√°m Ch·∫•t li·ªáu:Thun ƒê√∫ng v·ªõi m√¥ t·∫£:ƒê√∫ng v·ªõi m√¥ t·∫£  H√¨nh ·∫£nh ch·ªâ mang t√≠nh ch·∫•t nh·∫≠n xu, √°o ch·∫•t ƒë·∫πp!","[Ch·ªâ c√≤n 73.238 ƒë sau khi √°p voucher] √Åo thun nam c·ªï tr√≤n HAFOS cao c·∫•p, l·ªãch l√£m HAFOS"
5,"√Åo ƒë·∫πp , t·ªët v·ªõi t·∫ßm gi√° . M√¨nh ƒë√£ ƒë·∫∑t r·∫•t nhi·ªÅu √°o m√†u n√†y r·ªìi .",√Åo thun nam c·ªï tr√≤n HAFOS √Åo ph√¥ng nam basic tay ng·∫Øn ch·∫•t v·∫£i cotton cao c·∫•p th·∫•m h√∫t
5,"Kh√°ch h√†ng c√≥ t√†i kho·∫£n tr√™n ·ª©ng d·ª•ng ""Qu√† t·∫∑ng VIP"" v√† c√≥ giao d·ªãch mua h√†ng th√†nh c√¥ng t·∫°i c√°c ƒë·ªëi t√°c ƒë∆∞·ª£c c√¥ng b·ªë t·∫°i ·ª©ng d·ª•ng Qu√† t·∫∑ng VIP",√Åo thun nam c·ªï tr√≤n HAFOS √Åo ph√¥ng nam basic tay ng·∫Øn ch·∫•t v·∫£i cotton cao c·∫•p th·∫•m h√∫t
5,Huhu is the best thing ever I have ever seen in my heart for a while and then she said to you so much and I will be happy with you guys and I just want to,"[Ch·ªâ c√≤n 73.238 ƒë sau khi √°p voucher] √Åo thun nam c·ªï tr√≤n HAFOS cao c·∫•p, l·ªãch l√£m HAFOS"
5,"H√¨nh ·∫£nh v√† video ch·ªâ mang t√≠nh ch·∫•t nh·∫≠n xu! S·∫£n ph·∫©m b√™n shop, m√¨nh mua c≈©ng kh√° nhi·ªÅu r·ªìi, mua t·ª´ tiktok ƒë·∫øn shopee, mua l·∫ßn n√†o c≈©ng ∆∞ng, ƒë√°ng mua nh√© m·ªçi ng∆∞·ªùi",√Åo thun nam c·ªï tr√≤n HAFOS √Åo ph√¥ng nam basic tay ng·∫Øn ch·∫•t v·∫£i cotton cao c·∫•p th·∫•m h√∫t
5,73 c√†nh V·∫£i ƒë·∫πp sang x·ªãn m·ªãn lu√¥n ·∫° ƒê·ª£i sale mua th√™m m√† gi√° chua t·ªët n√™n chua mua ü§£,"[Ch·ªâ c√≤n 73.238 ƒë sau khi √°p voucher] √Åo thun nam c·ªï tr√≤n HAFOS cao c·∫•p, l·ªãch l√£m HAFOS"
5,S·∫£n ph·∫©m t·ªët ch·∫•t l∆∞·ª£ng ok  H√†i l√≤ng giao h√†ng nhanh ƒë√∫ng m·∫´uu maz,"[Ch·ªâ c√≤n 73.238 ƒë sau khi √°p voucher] √Åo thun nam c·ªï tr√≤n HAFOS cao c·∫•p, l·ªãch l√£m HAFOS"
5,SƒÉn sale VHL nh·∫≠n √°o v·∫£i ƒë·∫πp xs lun ·∫°üòç,"[Ch·ªâ c√≤n 73.238 ƒë sau khi √°p voucher] √Åo thun nam c·ªï tr√≤n HAFOS cao c·∫•p, l·ªãch l√£m HAFOS"
5,"H√†ng ƒë·∫πp nha, shop l√†m ƒÉn uy t√≠n, m·ªçi ng∆∞·ªùi y√™n t√¢m mua ƒë·ªì c·ªßa shop nha!!!!!","[Ch·ªâ c√≤n 73.238 ƒë sau khi √°p voucher] √Åo thun nam c·ªï tr√≤n HAFOS cao c·∫•p, l·ªãch l√£m HAFOS"
5,V·∫£i ƒë·∫πp. Mua ƒëc gi√° sale n√™n kh√° ∆∞ng √Ω. ·∫¢nh mang t√≠nh ch·∫•t minh ho·∫°,"[Ch·ªâ c√≤n 73.238 ƒë sau khi √°p voucher] √Åo thun nam c·ªï tr√≤n HAFOS cao c·∫•p, l·ªãch l√£m HAFOS"
5,"Mua ƒë∆∞·ª£c s·∫£n ph·∫©m l√∫c gi√° ƒëang ƒë∆∞·ª£c gi·∫£m, s·ª≠ d·ª•ng t·ªët s·∫Ω mua l·∫°i l·∫ßn sau.","[Ch·ªâ c√≤n 73.238 ƒë sau khi √°p voucher] √Åo thun nam c·ªï tr√≤n HAFOS cao c·∫•p, l·ªãch l√£m HAFOS"
5,√Åo ƒë·∫πp. Mua cho ng∆∞·ªùi quen. √Åo kh√° to v·ªÅ b·ªÅ ngang. Giao h√†ng nhanh.,"[Ch·ªâ c√≤n 73.238 ƒë sau khi √°p voucher] √Åo thun nam c·ªï tr√≤n HAFOS cao c·∫•p, l·ªãch l√£m HAFOS"
5,"Ch·∫•t l∆∞·ª£ng s·∫£n ph·∫©m tuy·ªát v·ªùi, ƒë√≥ng g√≥i r·∫•t ƒë·∫πp v√† ch·∫Øc ch·∫Øn. R·∫•t ƒë√°ng mua","[Ch·ªâ c√≤n 73.238 ƒë sau khi √°p voucher] √Åo thun nam c·ªï tr√≤n HAFOS cao c·∫•p, l·ªãch l√£m HAFOS"
5,"Ôøº√Åo thun nam HAFOS c·ªï tr√≤n basic tay ng·∫Øn ,√Åo ph√¥ng nam √°o thun cotton cao c·∫•p, l·ªãch l√£m","√Åo thun nam c·ªï tr√≤n HAFOS √Åo ph√¥ng nam basic tay ng·∫Øn ch·∫•t v·∫£i cotton cao c·∫•p th·∫•m h√∫t, √°o thun tr∆°n basic"
5,"S·∫£n ph·∫©m oke, ch·∫•t l∆∞·ª£ng, Giao h√†ng nhanh, r·∫•t ƒë√°ng, c·∫£m ∆°n shop","[Ch·ªâ c√≤n 73.238 ƒë sau khi √°p voucher] √Åo thun nam c·ªï tr√≤n HAFOS cao c·∫•p, l·ªãch l√£m HAFOS"
5,"ƒê√£ nh·∫≠n ƒë∆∞·ª£c h√†ng. S·∫£n ph·∫©m ƒë√∫ng m√¥ t·∫£, s·∫Ω quay l·∫°i ·ªßng h·ªô. H√¨nh ·∫£nh mang t√≠nh ch·∫•t nh·∫≠n xu","[Ch·ªâ c√≤n 73.238 ƒë sau khi √°p voucher] √Åo thun nam c·ªï tr√≤n HAFOS cao c·∫•p, l·ªãch l√£m HAFOS"
5,"H√†ng ƒë·∫πp, ch·∫•t l∆∞·ª£ng t·ªët, l·∫ßn t·ªõi ch·∫Øc ch·∫Øn s·∫Ω ·ªßng h·ªô shop nhi·ªÅu",√Åo thun nam c·ªï tr√≤n HAFOS √Åo ph√¥ng nam basic tay ng·∫Øn ch·∫•t v·∫£i cotton cao c·∫•p th·∫•m h√∫t
5,"√°o d√†y d·∫∑n, c·ª©ng c√°p, ƒë√°ng ti·ªÅn, s·∫Ω c√≤n mua th√™m nhi·ªÅu","[Ch·ªâ c√≤n 73.238 ƒë sau khi √°p voucher] √Åo thun nam c·ªï tr√≤n HAFOS cao c·∫•p, l·ªãch l√£m HAFOS"
5,"S·∫£n ph·∫©m ƒë√∫ng nh∆∞ h√¨nh ·∫£nh, ch∆∞a d√πng nh∆∞ng ƒë√≥ng g√≥i r·∫•t c·∫©n th·∫≠n. .","[Ch·ªâ c√≤n 73.238 ƒë sau khi √°p voucher] √Åo thun nam c·ªï tr√≤n HAFOS cao c·∫•p, l·ªãch l√£m HAFOS"
5,√Åo ƒë·∫πp. Ki·ªÉu d√†y d·∫∑n.nghƒ© b·ª•ng m·∫∑ l√™n ch·∫Øc b·ªã d√¨m m√†u nh∆∞ng M·∫∑c l√™n nh√¨n tone da l·∫Øm.,√Åo thun nam c·ªï tr√≤n HAFOS √Åo ph√¥ng nam basic tay ng·∫Øn ch·∫•t v·∫£i cotton cao c·∫•p th·∫•m h√∫t
5,"Shop ƒë√≥ng g√≥i h√†ng c·∫©n th·∫≠n, giao h√†ng nhanh ch√≥ng ƒëbhejbdbdjrhdhf","[Ch·ªâ c√≤n 73.238 ƒë sau khi √°p voucher] √Åo thun nam c·ªï tr√≤n HAFOS cao c·∫•p, l·ªãch l√£m HAFOS"
5,√Åo ƒë·∫πp from chu·∫©nntuy·ªáttt v·ªùiii ƒë·∫πp üòªü•∞ü•∞ü•∞ü•∞ü•∞ü•∞ heheee hehe h√™h,"√Åo thun nam c·ªï tr√≤n HAFOS √Åo ph√¥ng nam basic tay ng·∫Øn ch·∫•t v·∫£i cotton cao c·∫•p th·∫•m h√∫t, √°o thun tr∆°n basic"
5,"√Åo ch·∫•t co gi√£n l·∫Øm n√®  , ch·∫•t m√°t. Ko bi·∫øt sau s·ª≠ d·ª•ng r·ªìi nh∆∞ n√†o",√Åo thun nam c·ªï tr√≤n HAFOS √Åo ph√¥ng nam basic tay ng·∫Øn ch·∫•t v·∫£i cotton cao c·∫•p th·∫•m h√∫t
5,"K√≠nh g·ª≠i c√°c ƒë∆°n v·ªã l·ªãch thi  b√°n k·∫øt v√† chung k·∫øt b√≥ng ƒë√° nam, n·ªØ (ng√†y 18/8/2024).",√Åo thun nam c·ªï tr√≤n HAFOS √Åo ph√¥ng nam basic tay ng·∫Øn ch·∫•t v·∫£i cotton cao c·∫•p th·∫•m h√∫t
4,M√†u s·∫Øc:chu·∫©n Ch·∫•t li·ªáu:m·ªãn  √Åo ƒë·∫πp 10.ƒë·ªâm nha mn,"√Åo thun nam c·ªï tr√≤n HAFOS √Åo ph√¥ng nam basic tay ng·∫Øn ch·∫•t v·∫£i cotton cao c·∫•p th·∫•m h√∫t, √°o thun tr∆°n basic"
4,"Form ok tuy nhi√™n m√†u s·∫Øc theo ·∫£nh k chu·∫©n l·∫Øm. X√°m thi√™n xanh mint h∆°n, c√≤n kem th√¨ thi√™n m√†u v√†ng nh·∫°t h∆°n. Ship t·ªõi m√¨nh c·ª© t∆∞·ªüng giao nh·∫ßm m√†u, trvia l√† b·∫≠n k qu√° k√©n da. Shop ƒë√≥ng g√≥i ship nhanh",√Åo thun nam c·ªï tr√≤n HAFOS √Åo ph√¥ng nam basic tay ng·∫Øn ch·∫•t v·∫£i cotton cao c·∫•p th·∫•m h√∫t
5,Ch·∫•t l∆∞·ª£ng s·∫£n ph·∫©m tuy·ªát v·ªùi,√Åo thun nam c·ªï tr√≤n HAFOS √Åo ph√¥ng nam basic tay ng·∫Øn ch·∫•t v·∫£i cotton cao c·∫•p th·∫•m h√∫t
5,"Mua √°o cho anh ch·ªìng..m√† ·∫£nh c·ª© k√™u sao c·ª© mua ƒë·ªì ho√†i v·∫≠y, nhi·ªÅu qu√° r·ªìiü§£","√Åo thun nam c·ªï tr√≤n HAFOS √Åo ph√¥ng nam basic tay ng·∫Øn ch·∫•t v·∫£i cotton cao c·∫•p th·∫•m h√∫t, √°o thun tr∆°n basic"
5,Mn I will let you know if I have a chance for you happy and happy for me too and I love you too and I will be there at the end of the week if you so happy to have a great weekend with my kids,"[Ch·ªâ c√≤n 73.238 ƒë sau khi √°p voucher] √Åo thun nam c·ªï tr√≤n HAFOS cao c·∫•p, l·ªãch l√£m HAFOS"
5,"Ch·∫•m ƒëi·ªÉm c√°c Hoa h·∫≠u, √Å H·∫≠u Vi·ªát xu·∫•t hi·ªán t·∫°i l·ªÖ trao gi·∫£i We Choice Awards 2023. C√πng xem h·ªç ƒë√£ l·ª±a ch·ªçn nh·ªØng NTK,Th∆∞∆°ng hi·ªáu n√†o ƒë·ªÉ ƒë·ªìng h√†nh nh√©! ü§´ #wechoice","[Ch·ªâ c√≤n 73.238 ƒë sau khi √°p voucher] √Åo thun nam c·ªï tr√≤n HAFOS cao c·∫•p, l·ªãch l√£m HAFOS"
5,V·∫£i ƒë·∫πp ƒë√£ mua l·∫ßn th·ª© 2,"√Åo thun nam c·ªï tr√≤n HAFOS √Åo ph√¥ng nam basic tay ng·∫Øn ch·∫•t v·∫£i cotton cao c·∫•p th·∫•m h√∫t, √°o thun tr∆°n basic"
5,√Åo m·∫∑c si√™u th√≠ch co d√£n l·∫Øm n√™n mua nh√© ae,√Åo thun nam c·ªï tr√≤n HAFOS √Åo ph√¥ng nam basic tay ng·∫Øn ch·∫•t v·∫£i cotton cao c·∫•p th·∫•m h√∫t
5,H√¨nh ·∫£nh ch·ªâ mang t√≠nh ch·∫•t minh ho·∫°. Ch·∫•t l∆∞·ª£ng v·∫£i ban ƒë·∫ßu m√¨nh th·∫•y ·ªïn nh∆∞ng kh√¥ng bi·∫øt sau khi gi·∫∑t c√≥ b·ªã phai m√†u kh√¥ng,√Åo thun nam c·ªï tr√≤n HAFOS √Åo ph√¥ng nam basic tay ng·∫Øn ch·∫•t v·∫£i cotton cao c·∫•p th·∫•m h√∫t
5,i! S·∫£n ph·∫©m n√†y th·ª±c s·ª± ƒë√°ng gi√° v√† t√¥i hy v·ªçng n√≥ s·∫Ω mang l·∫°i cho b·∫°n s·ª± h√†i l√≤ng v√† ti·ªán √≠ch. Ch√∫c b·∫°n s·ª≠ d·ª•ng s·∫£n ph·∫©m v·ªõi ni·ªÅm vui v√† th√†nh c√¥ng. ƒê√°ng gi√° mang t√≠nh ch·∫•t nh·∫≠n,"[Ch·ªâ c√≤n 73.238 ƒë sau khi √°p voucher] √Åo thun nam c·ªï tr√≤n HAFOS cao c·∫•p, l·ªãch l√£m HAFOS"
5,ƒê√∫ng v·ªõi m√¥ t·∫£:ƒë√∫ng M√†u s·∫Øc:tr·∫Øng Ch·∫•t li·ªáu:t·ªët,√Åo thun nam c·ªï tr√≤n HAFOS √Åo ph√¥ng nam basic tay ng·∫Øn ch·∫•t v·∫£i cotton cao c·∫•p th·∫•m h√∫t
5,M√†u s·∫Øc:ok ƒê√∫ng v·ªõi m√¥ t·∫£:ok Ch·∫•t li·ªáu:ƒë·∫πp  ok,√Åo thun nam c·ªï tr√≤n HAFOS √Åo ph√¥ng nam basic tay ng·∫Øn ch·∫•t v·∫£i cotton cao c·∫•p th·∫•m h√∫t
5,Shop ƒë√≥ng g√≥i s·∫£n ph·∫©m c·∫©n th·∫≠n koabxboqoqhshwklwjdnqqohdbd,"[Ch·ªâ c√≤n 73.238 ƒë sau khi √°p voucher] √Åo thun nam c·ªï tr√≤n HAFOS cao c·∫•p, l·ªãch l√£m HAFOS"
5,H√¨nh ·∫£nh v√† video ch·ªâ mang t√≠nh ch·∫•t nh·∫≠n xu nh∆∞ng s·∫£n ph·∫©m r·∫•t tuy·ªát v·ªùi,"[Ch·ªâ c√≤n 73.238 ƒë sau khi √°p voucher] √Åo thun nam c·ªï tr√≤n HAFOS cao c·∫•p, l·ªãch l√£m HAFOS"
5,Hnay you have an awesome ü§© and I‚Äôll be glad to help out the next day or a week and I will have to make sure üëç is doing good and will have a good üòä day,√Åo thun nam c·ªï tr√≤n HAFOS √Åo ph√¥ng nam basic tay ng·∫Øn ch·∫•t v·∫£i cotton cao c·∫•p th·∫•m h√∫t
4,"√Åo thun r·∫ª ƒë·∫πp m·∫∑c m√°t nh∆∞ng d·ªÖ b·ªã ƒë√≥ng mu·ªëi khi ƒë·ªï m·ªì h√¥i nhi·ªÅu, m·∫∑c k v·∫≠n ƒë·ªông ƒë·ªï m·ªì h√¥i th√¨ k sao, c√≤n v·∫≠n ƒë·ªông nh√¨u ƒë·ªï m·ªì h√¥i ƒë√≥ng mu·ªëi  nh√¨n m·∫•t th·∫©m m·ªπ","[Ch·ªâ c√≤n 73.238 ƒë sau khi √°p voucher] √Åo thun nam c·ªï tr√≤n HAFOS cao c·∫•p, l·ªãch l√£m HAFOS"
5,"ƒê√∫ng v·ªõi m√¥ t·∫£:Ch√†o m·ª´ng b·∫°n ƒë·∫øn v·ªõi b·∫£ng nh·ªõ t·∫°m c·ªßa Gboard, b·∫•t k·ª≥ vƒÉn b·∫£n n√†o b·∫°n sao ch√©p s·∫Ω ƒë∆∞·ª£c l∆∞u t·∫°i ƒë√¢y.  Ch√†o m·ª´ng b·∫°n ƒë·∫øn v·ªõi b·∫£ng nh·ªõ t·∫°m c·ªßa Gboard, b·∫•t k·ª≥ vƒÉn b·∫£n n√†o b·∫°n sao ch√©p s·∫Ω ƒë∆∞·ª£c l∆∞u t·∫°i ƒë√¢y.","[Ch·ªâ c√≤n 73.238 ƒë sau khi √°p voucher] √Åo thun nam c·ªï tr√≤n HAFOS cao c·∫•p, l·ªãch l√£m HAFOS"
5,H√†ng nh∆∞ h√¨nh x·ªãn m·ªãn ok s·∫Ω ·ªßng h·ªô l√¢u d√†i  Gi·ªõi thi·ªáu h·ªç h√†ng ƒë·ªÉ mua,"[Ch·ªâ c√≤n 73.238 ƒë sau khi √°p voucher] √Åo thun nam c·ªï tr√≤n HAFOS cao c·∫•p, l·ªãch l√£m HAFOS"
5,H√†ng ƒë·∫πp l·∫Øm,"[Ch·ªâ c√≤n 73.238 ƒë sau khi √°p voucher] √Åo thun nam c·ªï tr√≤n HAFOS cao c·∫•p, l·ªãch l√£m HAFOS"
5,"H√¨nh ·∫£nh v√† video ch·ªâ mang t√≠nh ch·∫•t nh·∫≠n xu, ƒë·ªì ch·∫•t l∆∞·ª£ng n√™n mua nha mn","[Ch·ªâ c√≤n 73.238 ƒë sau khi √°p voucher] √Åo thun nam c·ªï tr√≤n HAFOS cao c·∫•p, l·ªãch l√£m HAFOS"
5,"Sp t·ªët, n√™n mua, shop nhi·ªát t√¨nh","[Ch·ªâ c√≤n 73.238 ƒë sau khi √°p voucher] √Åo thun nam c·ªï tr√≤n HAFOS cao c·∫•p, l·ªãch l√£m HAFOS"
5,"Ch∆∞a s·ª≠ d·ª•ng n√™n c≈©ng k bi·∫øt ch√≠nh h√£ng kh√¥ng, nh∆∞ng gi√° b√°n t·ªët h∆°n m·∫•y shop kh√°c",√Åo thun nam c·ªï tr√≤n HAFOS √Åo ph√¥ng nam basic tay ng·∫Øn ch·∫•t v·∫£i cotton cao c·∫•p th·∫•m h√∫t
5,H√¨nh ·∫£nh ch·ªâ mang t√≠nh ch·∫•t nh·∫≠n xu nh∆∞ng s·∫£n ph·∫©m r·∫•t ok r·∫•t ƒë·∫πp,√Åo thun nam c·ªï tr√≤n HAFOS √Åo ph√¥ng nam basic tay ng·∫Øn ch·∫•t v·∫£i cotton cao c·∫•p th·∫•m h√∫t
5,"M√†u s·∫Øc:m√†u xanh  1m74,70kg v·ª´a size L  n√°ch vai h∆°i √¥m x√≠u, Thun co gi√£n 4c,ko ƒëc m·ªÅm l·∫Øm,h∆°i n√≥ng.  M√†u n√†y m·∫∑c ch·∫Øc mau b·∫°c",√Åo thun nam c·ªï tr√≤n HAFOS √Åo ph√¥ng nam basic tay ng·∫Øn ch·∫•t v·∫£i cotton cao c·∫•p th·∫•m h√∫t
5,"M√†u s·∫Øc:xanh navy ƒê√∫ng v·ªõi m√¥ t·∫£:ƒë√∫ng Ch·∫•t li·ªáu:thun  √Åo l√†m size tho·∫£i m√°i, ƒë·∫πp, ƒë∆∞·ªùng ch·ªâ ch·∫Øc ch·∫Øn, co gi√£n kh√° t·ªët. M√¨nh mua cho ba ƒë·ªô 50 tu·ªïi m·∫∑c v·∫´n h·ª£p tu·ªïi. Duy·ªát.","[Ch·ªâ c√≤n 73.238 ƒë sau khi √°p voucher] √Åo thun nam c·ªï tr√≤n HAFOS cao c·∫•p, l·ªãch l√£m HAFOS"
5,H√¨nh ·∫£nhh ch·ªâi mangg t√≠nhh ch·∫•tt ƒë∆∞·ª£ccc nh·∫≠nnn th√™mmm xuuuu,"[Ch·ªâ c√≤n 73.238 ƒë sau khi √°p voucher] √Åo thun nam c·ªï tr√≤n HAFOS cao c·∫•p, l·ªãch l√£m HAFOS"
5,,√Åo thun nam c·ªï tr√≤n HAFOS √Åo ph√¥ng nam basic tay ng·∫Øn ch·∫•t v·∫£i cotton cao c·∫•p th·∫•m h√∫t
5,,√Åo thun nam c·ªï tr√≤n HAFOS √Åo ph√¥ng nam basic tay ng·∫Øn ch·∫•t v·∫£i cotton cao c·∫•p th·∫•m h√∫t
5,"√Åo n√†y m√¨nh ƒë√£ mua nhi·ªÅu l·∫ßn nhi·ªÅu m√†u cho ch·ªìng. V·∫£i ƒë·∫πp m√°t, ƒë∆∞·ªùng ch·ªâ ƒë·∫πp ch·∫Øc ch·∫Øn. M√†u x√°m x√°m xanh xanh l·∫° m·∫Øt",√Åo thun nam c·ªï tr√≤n HAFOS √Åo ph√¥ng nam basic tay ng·∫Øn ch·∫•t v·∫£i cotton cao c·∫•p th·∫•m h√∫t
5,"M√†u s·∫Øc:ok ƒê√∫ng v·ªõi m√¥ t·∫£:ok Ch·∫•t li·ªáu:ok  C√°c m·∫´u ƒë√°nh gi√° s·∫£n ph·∫©m Shopee h·∫ßu nh∆∞ ch·ªâ n√≥i, ƒë√°nh gi√°, b√†y t·ªè quan ƒëi·ªÉm c·ªßa c√° nh√¢n ng∆∞·ªùi mua v·ªÅ s·∫£n ph·∫©m m√† h·ªç ƒë√£ mua ·ªü tr√™n s√†n th∆∞∆°ng m·∫°i ƒëi·ªán t·ª≠ Shopee. V√† h·∫ßu h·∫øt c√°c m·∫´u ƒë√°nh gi√° s·∫£n ph·∫©m Shopee ƒë·ªÅu l√† nh·ªØng m·∫´u ƒë√°nh gi√° ch·ªâ chuy√™n v·ªÅ khen ng·ª£i s·∫£n ph·∫©m m√† th√¥i!",√Åo thun nam c·ªï tr√≤n HAFOS √Åo ph√¥ng nam basic tay ng·∫Øn ch·∫•t v·∫£i cotton cao c·∫•p th·∫•m h√∫t
2,"Giao h√†ng sai m√†u, ƒë·∫∑t m√†u ƒëen nh∆∞ng giao m√†u xanh","[Ch·ªâ c√≤n 73.238 ƒë sau khi √°p voucher] √Åo thun nam c·ªï tr√≤n HAFOS cao c·∫•p, l·ªãch l√£m HAFOS"
5,,"[Ch·ªâ c√≤n 73.238 ƒë sau khi √°p voucher] √Åo thun nam c·ªï tr√≤n HAFOS cao c·∫•p, l·ªãch l√£m HAFOS"
5,jzns iwuw hzzn isi h√¢y h√¢h kdido u√°yg kdcio hdhe hzhs uaua jsnsn,"[Ch·ªâ c√≤n 73.238 ƒë sau khi √°p voucher] √Åo thun nam c·ªï tr√≤n HAFOS cao c·∫•p, l·ªãch l√£m HAFOS"
3,"ƒê√£ ƒë·∫∑t t·∫≠n size 2XL m√† th·∫•y √°o v·∫´n ng·∫Øn, c√≥ chi·ªÅu r·ªông √°o l√† c√≤n t·∫°m ch·∫•p nh·∫≠n ƒë∆∞·ª£c","[Ch·ªâ c√≤n 73.238 ƒë sau khi √°p voucher] √Åo thun nam c·ªï tr√≤n HAFOS cao c·∫•p, l·ªãch l√£m HAFOS"
5,"Shop ƒë√≥ng g√≥i c·∫©n th√¢n, t∆∞ v·∫•n nhi·ªát t√¨nh Mua dc gi√° si√™u h·ªùi  ·ª¶ng h·ªô shop d√†i d√†i",√Åo thun nam c·ªï tr√≤n HAFOS √Åo ph√¥ng nam basic tay ng·∫Øn ch·∫•t v·∫£i cotton cao c·∫•p th·∫•m h√∫t
5,"V·ªõi gi√° 73k qu√° r·∫ª cho c√°i √°o. ƒê∆∞·ªùng may ƒë·∫πp, v·∫£i h·ª£p m·∫∑c h√® thu h∆°n, m√πa h√® mi·ªÅn b·∫Øc ch·∫Øc h∆°i n√≥ng","[Ch·ªâ c√≤n 73.238 ƒë sau khi √°p voucher] √Åo thun nam c·ªï tr√≤n HAFOS cao c·∫•p, l·ªãch l√£m HAFOS"
5,"L·∫ßn ƒë·∫ßu ti√™n mua √°o c·ªßa shop m√† ∆∞ng c·ª±c k√¨ lu√¥n, v·∫£i m·ªÅm m√°t m·∫∑c th√≠ch c·ª±c, form √°o c≈©ng ƒë·∫πp",√Åo thun nam c·ªï tr√≤n HAFOS √Åo ph√¥ng nam basic tay ng·∫Øn ch·∫•t v·∫£i cotton cao c·∫•p th·∫•m h√∫t
5,M√†u s·∫Øc:x√°m ƒê√∫ng v·ªõi m√¥ t·∫£:ƒë√∫ng v·ªõi h√¨nh ·∫£nh Ch·∫•t li·ªáu:thun  √Åo thun d√†y d·∫∑n SƒÉn sale n√™n ƒë∆∞·ª£c gi√° r·∫ª,"[Ch·ªâ c√≤n 73.238 ƒë sau khi √°p voucher] √Åo thun nam c·ªï tr√≤n HAFOS cao c·∫•p, l·ªãch l√£m HAFOS"
5,"Mua ƒë∆∞·ª£c gi√° sƒÉn sale r·∫•t r·∫ª, √°o polo chu·∫©n size, √°o thun h∆°i r·ªông, m√†u s·∫Øc ƒë·∫πp","[Ch·ªâ c√≤n 73.238 ƒë sau khi √°p voucher] √Åo thun nam c·ªï tr√≤n HAFOS cao c·∫•p, l·ªãch l√£m HAFOS"
5,"√Åo thun v·∫£i co d√£n t·ªët l·∫Øm, ch·∫•t v·∫£i m·ªÅm m·ªãn v√† m√°t, giao h√†ng nhanh",√Åo thun nam c·ªï tr√≤n HAFOS √Åo ph√¥ng nam basic tay ng·∫Øn ch·∫•t v·∫£i cotton cao c·∫•p th·∫•m h√∫t
5,"Ch·∫•t v·∫£i ƒë·∫πp, co d√£n t·ªët Th·∫•y ·ª©ng n√™n mua th√™m m·∫•y c√°i √°o n·ªØa r·ªìi","[Ch·ªâ c√≤n 73.238 ƒë sau khi √°p voucher] √Åo thun nam c·ªï tr√≤n HAFOS cao c·∫•p, l·ªãch l√£m HAFOS"
5,"Giao h√†ng nhanh ch√≥ng, ƒë√≥ng g√≥i h√†ng c·∫©n th·∫≠n. H√†ng ƒë√∫ng m√¥ t·∫£","[Ch·ªâ c√≤n 73.238 ƒë sau khi √°p voucher] √Åo thun nam c·ªï tr√≤n HAFOS cao c·∫•p, l·ªãch l√£m HAFOS"
5,"ban ƒë·∫ßu lo l·∫Øng nh∆∞ng l·∫°i b·∫•t ng·ªù v·∫£i ƒë·∫πp l·∫Øm lu√¥n, m√†u s·∫Øc c≈©ng ok, n·∫øu m√†u s√°ng x√≠u n·ªØa l√† qu√° ok",√Åo thun nam c·ªï tr√≤n HAFOS √Åo ph√¥ng nam basic tay ng·∫Øn ch·∫•t v·∫£i cotton cao c·∫•p th·∫•m h√∫t
5,"Ch·∫•t li·ªáu:co gi√£n t·ªët M√†u s·∫Øc:xanh navy ƒê√∫ng v·ªõi m√¥ t·∫£:√Åo thun Hafos m·∫∑c v√†o v·ª´a ng∆∞·ªùi, h·ª£p phong c√°ch th·ªùi trang tr·∫ª","[Ch·ªâ c√≤n 73.238 ƒë sau khi √°p voucher] √Åo thun nam c·ªï tr√≤n HAFOS cao c·∫•p, l·ªãch l√£m HAFOS"
5,"√Åo ƒë·∫πp, v·∫£i m√°t ch·∫•t l∆∞·ª£ng s·∫£n sale ch·ªâ 73,000 s·∫Ω quay l·∫°i mua ti·∫øp sp kh√°c c·ªßa shop","[Ch·ªâ c√≤n 73.238 ƒë sau khi √°p voucher] √Åo thun nam c·ªï tr√≤n HAFOS cao c·∫•p, l·ªãch l√£m HAFOS"
5,"ƒê√£ nh√¢Ã£n ƒë∆∞∆°Ã£c haÃÄng shop giao haÃÄng si√™u nhanh ch√¢ÃÅt l∆∞∆°Ã£ng cuÃÉng t√¥ÃÅt,s·∫Ω quay l·∫°i uÃâng h√¥Ã£ ti√™ÃÅp..",√Åo thun nam c·ªï tr√≤n HAFOS √Åo ph√¥ng nam basic tay ng·∫Øn ch·∫•t v·∫£i cotton cao c·∫•p th·∫•m h√∫t
3,Ch·∫•t v·∫£i ok nh∆∞ng form qu√° r·ªông. M√¨nh mua size nh·ªè nh·∫•t nh∆∞ng v·∫´n h∆°i d√†i. Nt cho shop th√¨ tr·∫£ l·ªùi tr·ªùi ∆°i. Ch√°n.,"[Ch·ªâ c√≤n 73.238 ƒë sau khi √°p voucher] √Åo thun nam c·ªï tr√≤n HAFOS cao c·∫•p, l·ªãch l√£m HAFOS"
5,"√Åo r·∫•t ƒë√∫ng form v√† ƒë·∫πp, m·∫∑c l√™n r·∫•t d·ªÖ ph·ªëi ƒë·ªì, ƒë∆∞·ªùng ch·ªâ may r·∫•t ok v√† ƒë·∫πp.",√Åo thun nam c·ªï tr√≤n HAFOS √Åo ph√¥ng nam basic tay ng·∫Øn ch·∫•t v·∫£i cotton cao c·∫•p th·∫•m h√∫t
5,ƒê·∫πp  M c√≥ thanh l√≠ √≠t ƒë·ªì order taobao ·ªü insta __cotton.may.3th__ nhe. ƒê·ªì ƒë·∫πp y h√¨nh ch·∫•t l∆∞·ª£ng lo·∫°i 1,"[Ch·ªâ c√≤n 73.238 ƒë sau khi √°p voucher] √Åo thun nam c·ªï tr√≤n HAFOS cao c·∫•p, l·ªãch l√£m HAFOS"
5,ƒê√∫ng v·ªõi m√¥ t·∫£:ok Ch·∫•t li·ªáu:ok M√†u s·∫Øc:ok,√Åo thun nam c·ªï tr√≤n HAFOS √Åo ph√¥ng nam basic tay ng·∫Øn ch·∫•t v·∫£i cotton cao c·∫•p th·∫•m h√∫t
5,"nh√¨n h∆°i n√¢u. v·∫£i c≈©ng oki, m·ªçi ng∆∞·ªùi ng∆∞·ªùi c√≥ th·ªÉ mua th·ª≠ tr·∫£i nghi·ªám. gi√° c·∫£ h·ª£p l√Ω oki.",√Åo thun nam c·ªï tr√≤n HAFOS √Åo ph√¥ng nam basic tay ng·∫Øn ch·∫•t v·∫£i cotton cao c·∫•p th·∫•m h√∫t
5,"M√†u s·∫Øc:ƒë·∫πp ƒê√∫ng v·ªõi m√¥ t·∫£:ƒë√∫ng Ch·∫•t li·ªáu:t·ªët  Shop chu·∫©n b·ªã v√† giao h√†ng nhanh v·∫£i t·ªë s·∫£n ph·∫©m ch·∫•t l∆∞·ª£ng, ·ªßng h·ªô shop nha m·ªçi ng∆∞·ªùi","√Åo thun nam c·ªï tr√≤n HAFOS √Åo ph√¥ng nam basic tay ng·∫Øn ch·∫•t v·∫£i cotton cao c·∫•p th·∫•m h√∫t, √°o thun tr∆°n basic"
4,"Sp ok d√πng m·ªôt th·ªùi gian r·ªìi ƒë√°nh gi√° ti·∫øp Size Xl ‚Ä¶,,,‚Ä¶‚Ä¶‚Ä¶‚Ä¶‚Ä¶..","√Åo thun nam c·ªï tr√≤n HAFOS √Åo ph√¥ng nam basic tay ng·∫Øn ch·∫•t v·∫£i cotton cao c·∫•p th·∫•m h√∫t, √°o thun tr∆°n basic"
5,"M√†u s·∫Øc:xanh ƒê√∫ng v·ªõi m√¥ t·∫£:chu·∫©n Ch·∫•t li·ªáu:thun  ƒê·ªì ƒë·∫πp n√™n mua nh√©, gi√° cg ok. Ship nhanh g√≥i h√†ng c·∫©n th·∫≠n.","√Åo thun nam c·ªï tr√≤n HAFOS √Åo ph√¥ng nam basic tay ng·∫Øn ch·∫•t v·∫£i cotton cao c·∫•p th·∫•m h√∫t, √°o thun tr∆°n basic"
5,L·∫ßn ƒë·∫ßu mua shop chua mac chua biet s·∫£n pham th·∫ø n√†o,√Åo thun nam c·ªï tr√≤n HAFOS √Åo ph√¥ng nam basic tay ng·∫Øn ch·∫•t v·∫£i cotton cao c·∫•p th·∫•m h√∫t
5,,"√Åo thun nam c·ªï tr√≤n HAFOS √Åo ph√¥ng nam basic tay ng·∫Øn ch·∫•t v·∫£i cotton cao c·∫•p th·∫•m h√∫t, √°o thun tr∆°n basic"
5,ƒê·∫πp,"√Åo thun nam c·ªï tr√≤n HAFOS √Åo ph√¥ng nam basic tay ng·∫Øn ch·∫•t v·∫£i cotton cao c·∫•p th·∫•m h√∫t, √°o thun tr∆°n basic"
5,,√Åo thun nam c·ªï tr√≤n HAFOS √Åo ph√¥ng nam basic tay ng·∫Øn ch·∫•t v·∫£i cotton cao c·∫•p th·∫•m h√∫t
1,H√†ng ƒë·∫πp,√Åo thun nam c·ªï tr√≤n HAFOS √Åo ph√¥ng nam basic tay ng·∫Øn ch·∫•t v·∫£i cotton cao c·∫•p th·∫•m h√∫t
5,Ok,√Åo thun nam c·ªï tr√≤n HAFOS √Åo ph√¥ng nam basic tay ng·∫Øn ch·∫•t v·∫£i cotton cao c·∫•p th·∫•m h√∫t
5,OKüëçüëç,√Åo thun nam c·ªï tr√≤n HAFOS √Åo ph√¥ng nam basic tay ng·∫Øn ch·∫•t v·∫£i cotton cao c·∫•p th·∫•m h√∫t
5,M√°t n√™n mua,√Åo thun nam c·ªï tr√≤n HAFOS √Åo ph√¥ng nam basic tay ng·∫Øn ch·∫•t v·∫£i cotton cao c·∫•p th·∫•m h√∫t
5,,√Åo thun nam c·ªï tr√≤n HAFOS √Åo ph√¥ng nam basic tay ng·∫Øn ch·∫•t v·∫£i cotton cao c·∫•p th·∫•m h√∫t
5,,"[Ch·ªâ c√≤n 73.238 ƒë sau khi √°p voucher] √Åo thun nam c·ªï tr√≤n HAFOS cao c·∫•p, l·ªãch l√£m HAFOS"
5,,"[Ch·ªâ c√≤n 73.238 ƒë sau khi √°p voucher] √Åo thun nam c·ªï tr√≤n HAFOS cao c·∫•p, l·ªãch l√£m HAFOS"
5,,"[Ch·ªâ c√≤n 73.238 ƒë sau khi √°p voucher] √Åo thun nam c·ªï tr√≤n HAFOS cao c·∫•p, l·ªãch l√£m HAFOS"
5,S·∫£n ph·∫©m ƒë·∫πp... r·∫ª,√Åo thun nam c·ªï tr√≤n HAFOS √Åo ph√¥ng nam basic tay ng·∫Øn ch·∫•t v·∫£i cotton cao c·∫•p th·∫•m h√∫t
5,,√Åo thun nam c·ªï tr√≤n HAFOS √Åo ph√¥ng nam basic tay ng·∫Øn ch·∫•t v·∫£i cotton cao c·∫•p th·∫•m h√∫t
5,,"√Åo thun nam c·ªï tr√≤n HAFOS √Åo ph√¥ng nam basic tay ng·∫Øn ch·∫•t v·∫£i cotton cao c·∫•p th·∫•m h√∫t, √°o thun tr∆°n basic"
5,,"√Åo thun nam c·ªï tr√≤n HAFOS √Åo ph√¥ng nam basic tay ng·∫Øn ch·∫•t v·∫£i cotton cao c·∫•p th·∫•m h√∫t, √°o thun tr∆°n basic"
5,,"√Åo thun nam c·ªï tr√≤n HAFOS √Åo ph√¥ng nam basic tay ng·∫Øn ch·∫•t v·∫£i cotton cao c·∫•p th·∫•m h√∫t, √°o thun tr∆°n basic"
5,,"√Åo thun nam c·ªï tr√≤n HAFOS √Åo ph√¥ng nam basic tay ng·∫Øn ch·∫•t v·∫£i cotton cao c·∫•p th·∫•m h√∫t, √°o thun tr∆°n basic"
5,,"√Åo thun nam c·ªï tr√≤n HAFOS √Åo ph√¥ng nam basic tay ng·∫Øn ch·∫•t v·∫£i cotton cao c·∫•p th·∫•m h√∫t, √°o thun tr∆°n basic"
5,,"√Åo thun nam c·ªï tr√≤n HAFOS √Åo ph√¥ng nam basic tay ng·∫Øn ch·∫•t v·∫£i cotton cao c·∫•p th·∫•m h√∫t, √°o thun tr∆°n basic"
5,,"√Åo thun nam c·ªï tr√≤n HAFOS √Åo ph√¥ng nam basic tay ng·∫Øn ch·∫•t v·∫£i cotton cao c·∫•p th·∫•m h√∫t, √°o thun tr∆°n basic"
5,,"√Åo thun nam c·ªï tr√≤n HAFOS √Åo ph√¥ng nam basic tay ng·∫Øn ch·∫•t v·∫£i cotton cao c·∫•p th·∫•m h√∫t, √°o thun tr∆°n basic"
5,,"√Åo thun nam c·ªï tr√≤n HAFOS √Åo ph√¥ng nam basic tay ng·∫Øn ch·∫•t v·∫£i cotton cao c·∫•p th·∫•m h√∫t, √°o thun tr∆°n basic"
5,,"√Åo thun nam c·ªï tr√≤n HAFOS √Åo ph√¥ng nam basic tay ng·∫Øn ch·∫•t v·∫£i cotton cao c·∫•p th·∫•m h√∫t, √°o thun tr∆°n basic"
5,,"√Åo thun nam c·ªï tr√≤n HAFOS √Åo ph√¥ng nam basic tay ng·∫Øn ch·∫•t v·∫£i cotton cao c·∫•p th·∫•m h√∫t, √°o thun tr∆°n basic"
5,,"√Åo thun nam c·ªï tr√≤n HAFOS √Åo ph√¥ng nam basic tay ng·∫Øn ch·∫•t v·∫£i cotton cao c·∫•p th·∫•m h√∫t, √°o thun tr∆°n basic"
5,,"√Åo thun nam c·ªï tr√≤n HAFOS √Åo ph√¥ng nam basic tay ng·∫Øn ch·∫•t v·∫£i cotton cao c·∫•p th·∫•m h√∫t, √°o thun tr∆°n basic"
5,,"√Åo thun nam c·ªï tr√≤n HAFOS √Åo ph√¥ng nam basic tay ng·∫Øn ch·∫•t v·∫£i cotton cao c·∫•p th·∫•m h√∫t, √°o thun tr∆°n basic"
5,,"√Åo thun nam c·ªï tr√≤n HAFOS √Åo ph√¥ng nam basic tay ng·∫Øn ch·∫•t v·∫£i cotton cao c·∫•p th·∫•m h√∫t, √°o thun tr∆°n basic"
5,,"√Åo thun nam c·ªï tr√≤n HAFOS √Åo ph√¥ng nam basic tay ng·∫Øn ch·∫•t v·∫£i cotton cao c·∫•p th·∫•m h√∫t, √°o thun tr∆°n basic"
5,,"√Åo thun nam c·ªï tr√≤n HAFOS √Åo ph√¥ng nam basic tay ng·∫Øn ch·∫•t v·∫£i cotton cao c·∫•p th·∫•m h√∫t, √°o thun tr∆°n basic"
5,,"√Åo thun nam c·ªï tr√≤n HAFOS √Åo ph√¥ng nam basic tay ng·∫Øn ch·∫•t v·∫£i cotton cao c·∫•p th·∫•m h√∫t, √°o thun tr∆°n basic"
5,,"√Åo thun nam c·ªï tr√≤n HAFOS √Åo ph√¥ng nam basic tay ng·∫Øn ch·∫•t v·∫£i cotton cao c·∫•p th·∫•m h√∫t, √°o thun tr∆°n basic"
5,,"√Åo thun nam c·ªï tr√≤n HAFOS √Åo ph√¥ng nam basic tay ng·∫Øn ch·∫•t v·∫£i cotton cao c·∫•p th·∫•m h√∫t, √°o thun tr∆°n basic"
5,,"√Åo thun nam c·ªï tr√≤n HAFOS √Åo ph√¥ng nam basic tay ng·∫Øn ch·∫•t v·∫£i cotton cao c·∫•p th·∫•m h√∫t, √°o thun tr∆°n basic"
5,,"√Åo thun nam c·ªï tr√≤n HAFOS √Åo ph√¥ng nam basic tay ng·∫Øn ch·∫•t v·∫£i cotton cao c·∫•p th·∫•m h√∫t, √°o thun tr∆°n basic"
5,,"√Åo thun nam c·ªï tr√≤n HAFOS √Åo ph√¥ng nam basic tay ng·∫Øn ch·∫•t v·∫£i cotton cao c·∫•p th·∫•m h√∫t, √°o thun tr∆°n basic"
5,,"√Åo thun nam c·ªï tr√≤n HAFOS √Åo ph√¥ng nam basic tay ng·∫Øn ch·∫•t v·∫£i cotton cao c·∫•p th·∫•m h√∫t, √°o thun tr∆°n basic"
5,,√Åo thun nam c·ªï tr√≤n HAFOS √Åo ph√¥ng nam basic tay ng·∫Øn ch·∫•t v·∫£i cotton cao c·∫•p th·∫•m h√∫t
5,,"√Åo thun nam c·ªï tr√≤n HAFOS √Åo ph√¥ng nam basic tay ng·∫Øn ch·∫•t v·∫£i cotton cao c·∫•p th·∫•m h√∫t, √°o thun tr∆°n basic"
5,,√Åo thun nam c·ªï tr√≤n HAFOS √Åo ph√¥ng nam basic tay ng·∫Øn ch·∫•t v·∫£i cotton cao c·∫•p th·∫•m h√∫t
5,,"√Åo thun nam c·ªï tr√≤n HAFOS √Åo ph√¥ng nam basic tay ng·∫Øn ch·∫•t v·∫£i cotton cao c·∫•p th·∫•m h√∫t, √°o thun tr∆°n basic"
5,,"√Åo thun nam c·ªï tr√≤n HAFOS √Åo ph√¥ng nam basic tay ng·∫Øn ch·∫•t v·∫£i cotton cao c·∫•p th·∫•m h√∫t, √°o thun tr∆°n basic"
5,,"√Åo thun nam c·ªï tr√≤n HAFOS √Åo ph√¥ng nam basic tay ng·∫Øn ch·∫•t v·∫£i cotton cao c·∫•p th·∫•m h√∫t, √°o thun tr∆°n basic"
5,,"√Åo thun nam c·ªï tr√≤n HAFOS √Åo ph√¥ng nam basic tay ng·∫Øn ch·∫•t v·∫£i cotton cao c·∫•p th·∫•m h√∫t, √°o thun tr∆°n basic"
4,,"√Åo thun nam c·ªï tr√≤n HAFOS √Åo ph√¥ng nam basic tay ng·∫Øn ch·∫•t v·∫£i cotton cao c·∫•p th·∫•m h√∫t, √°o thun tr∆°n basic"
5,,√Åo thun nam c·ªï tr√≤n HAFOS √Åo ph√¥ng nam basic tay ng·∫Øn ch·∫•t v·∫£i cotton cao c·∫•p th·∫•m h√∫t
5,,√Åo thun nam c·ªï tr√≤n HAFOS √Åo ph√¥ng nam basic tay ng·∫Øn ch·∫•t v·∫£i cotton cao c·∫•p th·∫•m h√∫t
5,,"√Åo thun nam c·ªï tr√≤n HAFOS √Åo ph√¥ng nam basic tay ng·∫Øn ch·∫•t v·∫£i cotton cao c·∫•p th·∫•m h√∫t, √°o thun tr∆°n basic"
5,,√Åo thun nam c·ªï tr√≤n HAFOS √Åo ph√¥ng nam basic tay ng·∫Øn ch·∫•t v·∫£i cotton cao c·∫•p th·∫•m h√∫t
5,,√Åo thun nam c·ªï tr√≤n HAFOS √Åo ph√¥ng nam basic tay ng·∫Øn ch·∫•t v·∫£i cotton cao c·∫•p th·∫•m h√∫t
5,,√Åo thun nam c·ªï tr√≤n HAFOS √Åo ph√¥ng nam basic tay ng·∫Øn ch·∫•t v·∫£i cotton cao c·∫•p th·∫•m h√∫t
5,,√Åo thun nam c·ªï tr√≤n HAFOS √Åo ph√¥ng nam basic tay ng·∫Øn ch·∫•t v·∫£i cotton cao c·∫•p th·∫•m h√∫t
5,,√Åo thun nam c·ªï tr√≤n HAFOS √Åo ph√¥ng nam basic tay ng·∫Øn ch·∫•t v·∫£i cotton cao c·∫•p th·∫•m h√∫t
5,,√Åo thun nam c·ªï tr√≤n HAFOS √Åo ph√¥ng nam basic tay ng·∫Øn ch·∫•t v·∫£i cotton cao c·∫•p th·∫•m h√∫t
5,,√Åo thun nam c·ªï tr√≤n HAFOS √Åo ph√¥ng nam basic tay ng·∫Øn ch·∫•t v·∫£i cotton cao c·∫•p th·∫•m h√∫t
5,,√Åo thun nam c·ªï tr√≤n HAFOS √Åo ph√¥ng nam basic tay ng·∫Øn ch·∫•t v·∫£i cotton cao c·∫•p th·∫•m h√∫t
5,,√Åo thun nam c·ªï tr√≤n HAFOS √Åo ph√¥ng nam basic tay ng·∫Øn ch·∫•t v·∫£i cotton cao c·∫•p th·∫•m h√∫t
5,,√Åo thun nam c·ªï tr√≤n HAFOS √Åo ph√¥ng nam basic tay ng·∫Øn ch·∫•t v·∫£i cotton cao c·∫•p th·∫•m h√∫t
5,,√Åo thun nam c·ªï tr√≤n HAFOS √Åo ph√¥ng nam basic tay ng·∫Øn ch·∫•t v·∫£i cotton cao c·∫•p th·∫•m h√∫t
5,,√Åo thun nam c·ªï tr√≤n HAFOS √Åo ph√¥ng nam basic tay ng·∫Øn ch·∫•t v·∫£i cotton cao c·∫•p th·∫•m h√∫t
5,,√Åo thun nam c·ªï tr√≤n HAFOS √Åo ph√¥ng nam basic tay ng·∫Øn ch·∫•t v·∫£i cotton cao c·∫•p th·∫•m h√∫t
5,,√Åo thun nam c·ªï tr√≤n HAFOS √Åo ph√¥ng nam basic tay ng·∫Øn ch·∫•t v·∫£i cotton cao c·∫•p th·∫•m h√∫t
5,,√Åo thun nam c·ªï tr√≤n HAFOS √Åo ph√¥ng nam basic tay ng·∫Øn ch·∫•t v·∫£i cotton cao c·∫•p th·∫•m h√∫t
5,,√Åo thun nam c·ªï tr√≤n HAFOS √Åo ph√¥ng nam basic tay ng·∫Øn ch·∫•t v·∫£i cotton cao c·∫•p th·∫•m h√∫t
5,,√Åo thun nam c·ªï tr√≤n HAFOS √Åo ph√¥ng nam basic tay ng·∫Øn ch·∫•t v·∫£i cotton cao c·∫•p th·∫•m h√∫t
5,,√Åo thun nam c·ªï tr√≤n HAFOS √Åo ph√¥ng nam basic tay ng·∫Øn ch·∫•t v·∫£i cotton cao c·∫•p th·∫•m h√∫t
5,,√Åo thun nam c·ªï tr√≤n HAFOS √Åo ph√¥ng nam basic tay ng·∫Øn ch·∫•t v·∫£i cotton cao c·∫•p th·∫•m h√∫t
5,,√Åo thun nam c·ªï tr√≤n HAFOS √Åo ph√¥ng nam basic tay ng·∫Øn ch·∫•t v·∫£i cotton cao c·∫•p th·∫•m h√∫t
5,,√Åo thun nam c·ªï tr√≤n HAFOS √Åo ph√¥ng nam basic tay ng·∫Øn ch·∫•t v·∫£i cotton cao c·∫•p th·∫•m h√∫t
5,,√Åo thun nam c·ªï tr√≤n HAFOS √Åo ph√¥ng nam basic tay ng·∫Øn ch·∫•t v·∫£i cotton cao c·∫•p th·∫•m h√∫t
5,,√Åo thun nam c·ªï tr√≤n HAFOS √Åo ph√¥ng nam basic tay ng·∫Øn ch·∫•t v·∫£i cotton cao c·∫•p th·∫•m h√∫t
5,,√Åo thun nam c·ªï tr√≤n HAFOS √Åo ph√¥ng nam basic tay ng·∫Øn ch·∫•t v·∫£i cotton cao c·∫•p th·∫•m h√∫t
5,,√Åo thun nam c·ªï tr√≤n HAFOS √Åo ph√¥ng nam basic tay ng·∫Øn ch·∫•t v·∫£i cotton cao c·∫•p th·∫•m h√∫t
5,,√Åo thun nam c·ªï tr√≤n HAFOS √Åo ph√¥ng nam basic tay ng·∫Øn ch·∫•t v·∫£i cotton cao c·∫•p th·∫•m h√∫t
5,,√Åo thun nam c·ªï tr√≤n HAFOS √Åo ph√¥ng nam basic tay ng·∫Øn ch·∫•t v·∫£i cotton cao c·∫•p th·∫•m h√∫t
5,,√Åo thun nam c·ªï tr√≤n HAFOS √Åo ph√¥ng nam basic tay ng·∫Øn ch·∫•t v·∫£i cotton cao c·∫•p th·∫•m h√∫t
5,,√Åo thun nam c·ªï tr√≤n HAFOS √Åo ph√¥ng nam basic tay ng·∫Øn ch·∫•t v·∫£i cotton cao c·∫•p th·∫•m h√∫t
5,,√Åo thun nam c·ªï tr√≤n HAFOS √Åo ph√¥ng nam basic tay ng·∫Øn ch·∫•t v·∫£i cotton cao c·∫•p th·∫•m h√∫t
5,,√Åo thun nam c·ªï tr√≤n HAFOS √Åo ph√¥ng nam basic tay ng·∫Øn ch·∫•t v·∫£i cotton cao c·∫•p th·∫•m h√∫t
5,,√Åo thun nam c·ªï tr√≤n HAFOS √Åo ph√¥ng nam basic tay ng·∫Øn ch·∫•t v·∫£i cotton cao c·∫•p th·∫•m h√∫t
5,,√Åo thun nam c·ªï tr√≤n HAFOS √Åo ph√¥ng nam basic tay ng·∫Øn ch·∫•t v·∫£i cotton cao c·∫•p th·∫•m h√∫t
5,,√Åo thun nam c·ªï tr√≤n HAFOS √Åo ph√¥ng nam basic tay ng·∫Øn ch·∫•t v·∫£i cotton cao c·∫•p th·∫•m h√∫t
5,,√Åo thun nam c·ªï tr√≤n HAFOS √Åo ph√¥ng nam basic tay ng·∫Øn ch·∫•t v·∫£i cotton cao c·∫•p th·∫•m h√∫t
5,,√Åo thun nam c·ªï tr√≤n HAFOS √Åo ph√¥ng nam basic tay ng·∫Øn ch·∫•t v·∫£i cotton cao c·∫•p th·∫•m h√∫t
5,,√Åo thun nam c·ªï tr√≤n HAFOS √Åo ph√¥ng nam basic tay ng·∫Øn ch·∫•t v·∫£i cotton cao c·∫•p th·∫•m h√∫t
5,,√Åo thun nam c·ªï tr√≤n HAFOS √Åo ph√¥ng nam basic tay ng·∫Øn ch·∫•t v·∫£i cotton cao c·∫•p th·∫•m h√∫t
5,,√Åo thun nam c·ªï tr√≤n HAFOS √Åo ph√¥ng nam basic tay ng·∫Øn ch·∫•t v·∫£i cotton cao c·∫•p th·∫•m h√∫t
5,,√Åo thun nam c·ªï tr√≤n HAFOS √Åo ph√¥ng nam basic tay ng·∫Øn ch·∫•t v·∫£i cotton cao c·∫•p th·∫•m h√∫t
5,,√Åo thun nam c·ªï tr√≤n HAFOS √Åo ph√¥ng nam basic tay ng·∫Øn ch·∫•t v·∫£i cotton cao c·∫•p th·∫•m h√∫t
5,,√Åo thun nam c·ªï tr√≤n HAFOS √Åo ph√¥ng nam basic tay ng·∫Øn ch·∫•t v·∫£i cotton cao c·∫•p th·∫•m h√∫t
5,,√Åo thun nam c·ªï tr√≤n HAFOS √Åo ph√¥ng nam basic tay ng·∫Øn ch·∫•t v·∫£i cotton cao c·∫•p th·∫•m h√∫t
5,,√Åo thun nam c·ªï tr√≤n HAFOS √Åo ph√¥ng nam basic tay ng·∫Øn ch·∫•t v·∫£i cotton cao c·∫•p th·∫•m h√∫t
5,,√Åo thun nam c·ªï tr√≤n HAFOS √Åo ph√¥ng nam basic tay ng·∫Øn ch·∫•t v·∫£i cotton cao c·∫•p th·∫•m h√∫t
5,,√Åo thun nam c·ªï tr√≤n HAFOS √Åo ph√¥ng nam basic tay ng·∫Øn ch·∫•t v·∫£i cotton cao c·∫•p th·∫•m h√∫t
5,,√Åo thun nam c·ªï tr√≤n HAFOS √Åo ph√¥ng nam basic tay ng·∫Øn ch·∫•t v·∫£i cotton cao c·∫•p th·∫•m h√∫t
5,,√Åo thun nam c·ªï tr√≤n HAFOS √Åo ph√¥ng nam basic tay ng·∫Øn ch·∫•t v·∫£i cotton cao c·∫•p th·∫•m h√∫t
5,,√Åo thun nam c·ªï tr√≤n HAFOS √Åo ph√¥ng nam basic tay ng·∫Øn ch·∫•t v·∫£i cotton cao c·∫•p th·∫•m h√∫t
5,,"[Ch·ªâ c√≤n 73.238 ƒë sau khi √°p voucher] √Åo thun nam c·ªï tr√≤n HAFOS cao c·∫•p, l·ªãch l√£m HAFOS"
5,,"[Ch·ªâ c√≤n 73.238 ƒë sau khi √°p voucher] √Åo thun nam c·ªï tr√≤n HAFOS cao c·∫•p, l·ªãch l√£m HAFOS"
5,,"[Ch·ªâ c√≤n 73.238 ƒë sau khi √°p voucher] √Åo thun nam c·ªï tr√≤n HAFOS cao c·∫•p, l·ªãch l√£m HAFOS"
5,,"[Ch·ªâ c√≤n 73.238 ƒë sau khi √°p voucher] √Åo thun nam c·ªï tr√≤n HAFOS cao c·∫•p, l·ªãch l√£m HAFOS"
5,,"[Ch·ªâ c√≤n 73.238 ƒë sau khi √°p voucher] √Åo thun nam c·ªï tr√≤n HAFOS cao c·∫•p, l·ªãch l√£m HAFOS"
5,,"[Ch·ªâ c√≤n 73.238 ƒë sau khi √°p voucher] √Åo thun nam c·ªï tr√≤n HAFOS cao c·∫•p, l·ªãch l√£m HAFOS"
3,,√Åo thun nam c·ªï tr√≤n HAFOS √Åo ph√¥ng nam basic tay ng·∫Øn ch·∫•t v·∫£i cotton cao c·∫•p th·∫•m h√∫t
5,,√Åo thun nam c·ªï tr√≤n HAFOS √Åo ph√¥ng nam basic tay ng·∫Øn ch·∫•t v·∫£i cotton cao c·∫•p th·∫•m h√∫t
5,,"[Ch·ªâ c√≤n 73.238 ƒë sau khi √°p voucher] √Åo thun nam c·ªï tr√≤n HAFOS cao c·∫•p, l·ªãch l√£m HAFOS"
5,,"[Ch·ªâ c√≤n 73.238 ƒë sau khi √°p voucher] √Åo thun nam c·ªï tr√≤n HAFOS cao c·∫•p, l·ªãch l√£m HAFOS"
5,,"[Ch·ªâ c√≤n 73.238 ƒë sau khi √°p voucher] √Åo thun nam c·ªï tr√≤n HAFOS cao c·∫•p, l·ªãch l√£m HAFOS"
5,,"[Ch·ªâ c√≤n 73.238 ƒë sau khi √°p voucher] √Åo thun nam c·ªï tr√≤n HAFOS cao c·∫•p, l·ªãch l√£m HAFOS"
5,,√Åo thun nam c·ªï tr√≤n HAFOS √Åo ph√¥ng nam basic tay ng·∫Øn ch·∫•t v·∫£i cotton cao c·∫•p th·∫•m h√∫t
5,,√Åo thun nam c·ªï tr√≤n HAFOS √Åo ph√¥ng nam basic tay ng·∫Øn ch·∫•t v·∫£i cotton cao c·∫•p th·∫•m h√∫t
5,,"[Ch·ªâ c√≤n 73.238 ƒë sau khi √°p voucher] √Åo thun nam c·ªï tr√≤n HAFOS cao c·∫•p, l·ªãch l√£m HAFOS"
5,,√Åo thun nam c·ªï tr√≤n HAFOS √Åo ph√¥ng nam basic tay ng·∫Øn ch·∫•t v·∫£i cotton cao c·∫•p th·∫•m h√∫t
5,,√Åo thun nam c·ªï tr√≤n HAFOS √Åo ph√¥ng nam basic tay ng·∫Øn ch·∫•t v·∫£i cotton cao c·∫•p th·∫•m h√∫t
5,,√Åo thun nam c·ªï tr√≤n HAFOS √Åo ph√¥ng nam basic tay ng·∫Øn ch·∫•t v·∫£i cotton cao c·∫•p th·∫•m h√∫t
5,,√Åo thun nam c·ªï tr√≤n HAFOS √Åo ph√¥ng nam basic tay ng·∫Øn ch·∫•t v·∫£i cotton cao c·∫•p th·∫•m h√∫t
5,,"[Ch·ªâ c√≤n 73.238 ƒë sau khi √°p voucher] √Åo thun nam c·ªï tr√≤n HAFOS cao c·∫•p, l·ªãch l√£m HAFOS"
5,,√Åo thun nam c·ªï tr√≤n HAFOS √Åo ph√¥ng nam basic tay ng·∫Øn ch·∫•t v·∫£i cotton cao c·∫•p th·∫•m h√∫t
5,,√Åo thun nam c·ªï tr√≤n HAFOS √Åo ph√¥ng nam basic tay ng·∫Øn ch·∫•t v·∫£i cotton cao c·∫•p th·∫•m h√∫t
5,,"[Ch·ªâ c√≤n 73.238 ƒë sau khi √°p voucher] √Åo thun nam c·ªï tr√≤n HAFOS cao c·∫•p, l·ªãch l√£m HAFOS"
5,,"[Ch·ªâ c√≤n 73.238 ƒë sau khi √°p voucher] √Åo thun nam c·ªï tr√≤n HAFOS cao c·∫•p, l·ªãch l√£m HAFOS"
5,,√Åo thun nam c·ªï tr√≤n HAFOS √Åo ph√¥ng nam basic tay ng·∫Øn ch·∫•t v·∫£i cotton cao c·∫•p th·∫•m h√∫t
5,,"[Ch·ªâ c√≤n 73.238 ƒë sau khi √°p voucher] √Åo thun nam c·ªï tr√≤n HAFOS cao c·∫•p, l·ªãch l√£m HAFOS"
5,,√Åo thun nam c·ªï tr√≤n HAFOS √Åo ph√¥ng nam basic tay ng·∫Øn ch·∫•t v·∫£i cotton cao c·∫•p th·∫•m h√∫t
5,,√Åo thun nam c·ªï tr√≤n HAFOS √Åo ph√¥ng nam basic tay ng·∫Øn ch·∫•t v·∫£i cotton cao c·∫•p th·∫•m h√∫t
5,,"[Ch·ªâ c√≤n 73.238 ƒë sau khi √°p voucher] √Åo thun nam c·ªï tr√≤n HAFOS cao c·∫•p, l·ªãch l√£m HAFOS"
5,,"[Ch·ªâ c√≤n 73.238 ƒë sau khi √°p voucher] √Åo thun nam c·ªï tr√≤n HAFOS cao c·∫•p, l·ªãch l√£m HAFOS"
5,,"[Ch·ªâ c√≤n 73.238 ƒë sau khi √°p voucher] √Åo thun nam c·ªï tr√≤n HAFOS cao c·∫•p, l·ªãch l√£m HAFOS"
5,,√Åo thun nam c·ªï tr√≤n HAFOS √Åo ph√¥ng nam basic tay ng·∫Øn ch·∫•t v·∫£i cotton cao c·∫•p th·∫•m h√∫t
5,,√Åo thun nam c·ªï tr√≤n HAFOS √Åo ph√¥ng nam basic tay ng·∫Øn ch·∫•t v·∫£i cotton cao c·∫•p th·∫•m h√∫t
5,,√Åo thun nam c·ªï tr√≤n HAFOS √Åo ph√¥ng nam basic tay ng·∫Øn ch·∫•t v·∫£i cotton cao c·∫•p th·∫•m h√∫t
5,,√Åo thun nam c·ªï tr√≤n HAFOS √Åo ph√¥ng nam basic tay ng·∫Øn ch·∫•t v·∫£i cotton cao c·∫•p th·∫•m h√∫t
5,,√Åo thun nam c·ªï tr√≤n HAFOS √Åo ph√¥ng nam basic tay ng·∫Øn ch·∫•t v·∫£i cotton cao c·∫•p th·∫•m h√∫t
5,,"[Ch·ªâ c√≤n 73.238 ƒë sau khi √°p voucher] √Åo thun nam c·ªï tr√≤n HAFOS cao c·∫•p, l·ªãch l√£m HAFOS"
5,,√Åo thun nam c·ªï tr√≤n HAFOS √Åo ph√¥ng nam basic tay ng·∫Øn ch·∫•t v·∫£i cotton cao c·∫•p th·∫•m h√∫t
5,,√Åo thun nam c·ªï tr√≤n HAFOS √Åo ph√¥ng nam basic tay ng·∫Øn ch·∫•t v·∫£i cotton cao c·∫•p th·∫•m h√∫t
5,,"[Ch·ªâ c√≤n 73.238 ƒë sau khi √°p voucher] √Åo thun nam c·ªï tr√≤n HAFOS cao c·∫•p, l·ªãch l√£m HAFOS"
5,,√Åo thun nam c·ªï tr√≤n HAFOS √Åo ph√¥ng nam basic tay ng·∫Øn ch·∫•t v·∫£i cotton cao c·∫•p th·∫•m h√∫t
5,,"[Ch·ªâ c√≤n 73.238 ƒë sau khi √°p voucher] √Åo thun nam c·ªï tr√≤n HAFOS cao c·∫•p, l·ªãch l√£m HAFOS"
5,,"[Ch·ªâ c√≤n 73.238 ƒë sau khi √°p voucher] √Åo thun nam c·ªï tr√≤n HAFOS cao c·∫•p, l·ªãch l√£m HAFOS"
5,,√Åo thun nam c·ªï tr√≤n HAFOS √Åo ph√¥ng nam basic tay ng·∫Øn ch·∫•t v·∫£i cotton cao c·∫•p th·∫•m h√∫t
5,,"[Ch·ªâ c√≤n 73.238 ƒë sau khi √°p voucher] √Åo thun nam c·ªï tr√≤n HAFOS cao c·∫•p, l·ªãch l√£m HAFOS"
5,,"[Ch·ªâ c√≤n 73.238 ƒë sau khi √°p voucher] √Åo thun nam c·ªï tr√≤n HAFOS cao c·∫•p, l·ªãch l√£m HAFOS"
5,,"[Ch·ªâ c√≤n 73.238 ƒë sau khi √°p voucher] √Åo thun nam c·ªï tr√≤n HAFOS cao c·∫•p, l·ªãch l√£m HAFOS"
5,,√Åo thun nam c·ªï tr√≤n HAFOS √Åo ph√¥ng nam basic tay ng·∫Øn ch·∫•t v·∫£i cotton cao c·∫•p th·∫•m h√∫t
5,,√Åo thun nam c·ªï tr√≤n HAFOS √Åo ph√¥ng nam basic tay ng·∫Øn ch·∫•t v·∫£i cotton cao c·∫•p th·∫•m h√∫t
5,,"[Ch·ªâ c√≤n 73.238 ƒë sau khi √°p voucher] √Åo thun nam c·ªï tr√≤n HAFOS cao c·∫•p, l·ªãch l√£m HAFOS"
5,,"[Ch·ªâ c√≤n 73.238 ƒë sau khi √°p voucher] √Åo thun nam c·ªï tr√≤n HAFOS cao c·∫•p, l·ªãch l√£m HAFOS"
5,,√Åo thun nam c·ªï tr√≤n HAFOS √Åo ph√¥ng nam basic tay ng·∫Øn ch·∫•t v·∫£i cotton cao c·∫•p th·∫•m h√∫t
5,,"[Ch·ªâ c√≤n 73.238 ƒë sau khi √°p voucher] √Åo thun nam c·ªï tr√≤n HAFOS cao c·∫•p, l·ªãch l√£m HAFOS"
5,,√Åo thun nam c·ªï tr√≤n HAFOS √Åo ph√¥ng nam basic tay ng·∫Øn ch·∫•t v·∫£i cotton cao c·∫•p th·∫•m h√∫t
5,,"[Ch·ªâ c√≤n 73.238 ƒë sau khi √°p voucher] √Åo thun nam c·ªï tr√≤n HAFOS cao c·∫•p, l·ªãch l√£m HAFOS"
5,,"[Ch·ªâ c√≤n 73.238 ƒë sau khi √°p voucher] √Åo thun nam c·ªï tr√≤n HAFOS cao c·∫•p, l·ªãch l√£m HAFOS"
5,,√Åo thun nam c·ªï tr√≤n HAFOS √Åo ph√¥ng nam basic tay ng·∫Øn ch·∫•t v·∫£i cotton cao c·∫•p th·∫•m h√∫t
5,,√Åo thun nam c·ªï tr√≤n HAFOS √Åo ph√¥ng nam basic tay ng·∫Øn ch·∫•t v·∫£i cotton cao c·∫•p th·∫•m h√∫t
5,,"[Ch·ªâ c√≤n 73.238 ƒë sau khi √°p voucher] √Åo thun nam c·ªï tr√≤n HAFOS cao c·∫•p, l·ªãch l√£m HAFOS"
5,,√Åo thun nam c·ªï tr√≤n HAFOS √Åo ph√¥ng nam basic tay ng·∫Øn ch·∫•t v·∫£i cotton cao c·∫•p th·∫•m h√∫t
5,,√Åo thun nam c·ªï tr√≤n HAFOS √Åo ph√¥ng nam basic tay ng·∫Øn ch·∫•t v·∫£i cotton cao c·∫•p th·∫•m h√∫t
5,,"[Ch·ªâ c√≤n 73.238 ƒë sau khi √°p voucher] √Åo thun nam c·ªï tr√≤n HAFOS cao c·∫•p, l·ªãch l√£m HAFOS"
5,,√Åo thun nam c·ªï tr√≤n HAFOS √Åo ph√¥ng nam basic tay ng·∫Øn ch·∫•t v·∫£i cotton cao c·∫•p th·∫•m h√∫t
5,,√Åo thun nam c·ªï tr√≤n HAFOS √Åo ph√¥ng nam basic tay ng·∫Øn ch·∫•t v·∫£i cotton cao c·∫•p th·∫•m h√∫t
5,,√Åo thun nam c·ªï tr√≤n HAFOS √Åo ph√¥ng nam basic tay ng·∫Øn ch·∫•t v·∫£i cotton cao c·∫•p th·∫•m h√∫t
5,,√Åo thun nam c·ªï tr√≤n HAFOS √Åo ph√¥ng nam basic tay ng·∫Øn ch·∫•t v·∫£i cotton cao c·∫•p th·∫•m h√∫t
5,"Ch·∫•t li·ªáu:cotton ƒê√∫ng v·ªõi m√¥ t·∫£:ƒë√∫ng M√†u s·∫Øc:be  V·ª´a v·∫∑n tho·∫£i m√°i nha, ph·ªëi m√†u d·ªÖ m·∫∑c, tr·∫ª nh∆∞ng kh√¥ng b·ªã qu√° tr·∫©u. Gi√° r·∫ª","√Åo thun nam Hafos RELAXED TEE, ch·∫•t li·ªáu thun cotton, form r·ªông, tho·∫£i m√°i, th·ªùi trang nam."
5,"ƒê√∫ng v·ªõi m√¥ t·∫£, v·∫£i d√†y d·∫∑n, form ki·ªÉu h∆°i su√¥ng r·ªông, n√≥i chung okela ph√π h·ª£p gi√° ti·ªÅn n√™n tr·∫£i nghi·ªám ·∫°","√Åo thun nam Hafos RELAXED TEE, ch·∫•t li·ªáu thun cotton, form r·ªông, tho·∫£i m√°i, th·ªùi trang nam."
5,"Ch·∫•t li·ªáu:thun M√†u s·∫Øc:kem ƒê√∫ng v·ªõi m√¥ t·∫£:ƒë√∫ng  H√¨nh ·∫£nh mang t√≠nh ch·∫•t nh·∫≠n xu, giao h√†ng kh√° nhanh, s·∫Ω ·ªßng h·ªô shop ti·∫øp","√Åo thun nam Hafos RELAXED TEE, ch·∫•t li·ªáu thun cotton, form r·ªông, tho·∫£i m√°i, th·ªùi trang nam."
5,"Nh·∫≠n ƒë∆∞·ª£c √°o, m·∫´u m√£ m√†u s·∫Øc ƒë√∫ng v·ªõi m√¥ t·∫£, ch·∫•t v·∫£i m·ªÅm m·∫°i ok, giao h√†ng nhanh ch√≥ng","√Åo thun nam Hafos RELAXED TEE, ch·∫•t li·ªáu thun cotton, form r·ªông, tho·∫£i m√°i, th·ªùi trang nam."
5,"Ch·∫•t li·ªáu:ƒë·∫πp M√†u s·∫Øc:ƒëen  √Åo ƒë·∫πp, v·∫£i d√†y, x·ªãn. Form √°o ƒë·∫πp l·∫Øm nha. Shop giao h√†ng nhanh l·∫Øm lu√¥n. N√≥i chung l√† m√¨nh r·∫•t ∆∞ng √°o n√†y.","√Åo thun nam Hafos RELAXED TEE, ch·∫•t li·ªáu thun cotton, form r·ªông, tho·∫£i m√°i, th·ªùi trang nam."
5,"Ch·∫•t li·ªáu:ok M√†u s·∫Øc:ok ƒê√∫ng v·ªõi m√¥ t·∫£:ok  √Åo v·∫£i ƒë·∫πp gi·ªëng h√¨nh c√≥ ƒëi·ªÅu size L m√† t∆∞·ªüng xl hk √° ch·ª© b·ª± qu√° ,√°o th√≠ch m·∫∑t √¥m √¥m x√≠u th√¨ l√πi size l·∫°i nha","√Åo thun nam Hafos RELAXED TEE, ch·∫•t li·ªáu thun cotton, form r·ªông, tho·∫£i m√°i, th·ªùi trang nam."
5,"M√†u s·∫Øc:m√†u ƒë·∫πp Ch·∫•t li·ªáu:v·∫£i thun co gi√£n ƒê√∫ng v·ªõi m√¥ t·∫£:ƒë√∫ng  √Åo v·∫£i kh√° d√†y d·∫∑n v√† m√°t. Co gi√£n t·ªët. Nh∆∞ng form √°o h∆°i r·ªông, b√¨nh th∆∞·ªùng m√¨nh mua √°o size L nh∆∞ng l·∫ßn n√†y m√¨nh mua size M nh∆∞ng th·∫•y v·∫´n h∆°i r·ªông so v·ªõi m√¨nh. B·∫°n n√†o mua nh·ªõ ch√∫ √Ω gi·∫£m size so v·ªõi b√¨nh th∆∞·ªùng nha","√Åo thun nam Hafos RELAXED TEE, ch·∫•t li·ªáu thun cotton, form r·ªông, tho·∫£i m√°i, th·ªùi trang nam."
5,ƒê√∫ng v·ªõi m√¥ t·∫£:ƒë√∫ng Ch·∫•t li·ªáu:ƒë·∫πp ch·∫•t l∆∞·ª£ng M√†u s·∫Øc:nh∆∞ h√¨nh,"√Åo thun nam Hafos RELAXED TEE, ch·∫•t li·ªáu thun cotton, form r·ªông, tho·∫£i m√°i, th·ªùi trang nam."
5,"M√†u s·∫Øc:be Ch·∫•t li·ªáu:vai ƒê√∫ng v·ªõi m√¥ t·∫£:dung  Giao h√†ng nhanh, ch·∫•t l∆∞·ª£ng t·ªët","√Åo thun nam Hafos RELAXED TEE, ch·∫•t li·ªáu thun cotton, form r·ªông, tho·∫£i m√°i, th·ªùi trang nam."
5,"ƒê√∫ng v·ªõi m√¥ t·∫£:ƒë√∫ng  giao h√†ng nhanhh , ch·∫•t l∆∞·ª£ng s·∫£n ph·∫©mmmm ƒë·∫πp n√™n mua nha m·ªçi ng∆∞·ªùiiii","√Åo thun nam Hafos RELAXED TEE, ch·∫•t li·ªáu thun cotton, form r·ªông, tho·∫£i m√°i, th·ªùi trang nam."
5,H√†ng d·ªát ch·∫•t l∆∞·ª£ng  N√™n mua nha m·ªçi ng∆∞·ªùi  Gi√° r·∫ª Shipper th√¢n thi·ªán  Giao h√†ng nhanh ch√≥ng,"√Åo thun nam Hafos RELAXED TEE, ch·∫•t li·ªáu thun cotton, form r·ªông, tho·∫£i m√°i, th·ªùi trang nam."
5,Form √°o ƒë·∫πp. M√¨nh mua theo s·ªë kg kh√° ƒë√∫ng √°. Ch·∫Øc s·∫Ω mua th√™m m√†u kh√°c n·ªØa,"√Åo thun nam Hafos RELAXED TEE, ch·∫•t li·ªáu thun cotton, form r·ªông, tho·∫£i m√°i, th·ªùi trang nam."
3,Ch·∫•t li·ªáu:coton ƒê√∫ng v·ªõi m√¥ t·∫£:ƒë√∫ng M√†u s·∫Øc:ƒë√∫ng m√†u  M√†u ƒë·∫πp n√†y m·∫•y shop kh√°c kh√¥ng c√≥ n√™n b·∫£o ƒë·∫£m b√°n ƒë·∫Øt kkk. Ch·∫•t li·ªáu t·ªët. C√≥ c√°i gi√° m·ªói l·∫ßn mua n√≥ b·ªã ƒë√¥n l√™n cao,"√Åo thun nam Hafos RELAXED TEE, ch·∫•t li·ªáu thun cotton, form r·ªông, tho·∫£i m√°i, th·ªùi trang nam."
5,M√¨nh l√†m bi·∫øng ch·ª•p h√¨nh n√™n l·∫•y ƒë·∫°i h√¨nh ƒë·ªÉ nh·∫≠n xu. Shop b√°n r·∫ª. Ti·ªÅn n√†o c·ªßa n·∫•y ·∫°. V·∫£i ƒë·∫πp ch·∫•t l∆∞·ª£ng,"√Åo thun nam Hafos RELAXED TEE, ch·∫•t li·ªáu thun cotton, form r·ªông, tho·∫£i m√°i, th·ªùi trang nam."
5,"√Åo form r·ªông m·∫∑c tho·∫£i m√°i, 51kg m·∫∑c ch√πm m√¥ng  Giao h√†ng kh√° nhanh H√¨nh ·∫£nh minh ho·∫°","√Åo thun nam Hafos RELAXED TEE, ch·∫•t li·ªáu thun cotton, form r·ªông, tho·∫£i m√°i, th·ªùi trang nam."
5,"D√πng th√≠ch l·∫Øm m·ªçi ng∆∞·ªùi ·∫°, m√¨nh s·∫Ω mua th√™m m·∫•y c√°i n·ªØa ƒë·ªÉ m·∫∑c nh√©","√Åo thun nam Hafos RELAXED TEE, ch·∫•t li·ªáu thun cotton, form r·ªông, tho·∫£i m√°i, th·ªùi trang nam."
5,"S·∫£n ph·∫©m ƒë·∫πp, ch·∫•t l∆∞·ª£ng. Gi√° c·∫£ ph√π h·ª£p. Giao h√†ng nhanh. S·∫Ω ·ªßng h·ªô shop l·∫ßn sau. M·ªçi ng∆∞·ªùi n√™n mua nh√©.","√Åo thun nam Hafos RELAXED TEE, ch·∫•t li·ªáu thun cotton, form r·ªông, tho·∫£i m√°i, th·ªùi trang nam."
5,S·∫£n ph·∫©m t·ªët . Shop t∆∞ v·∫•n nhi·ªát t√¨nh. Giao h√†ng nhanh. S·∫Ω ·ªßng h·ªô shop ti·∫øp,"√Åo thun nam Hafos RELAXED TEE, ch·∫•t li·ªáu thun cotton, form r·ªông, tho·∫£i m√°i, th·ªùi trang nam."
1,"M√†u s·∫Øc:qu√° t·ªëi,  √Åo nh·∫≠n r·∫•t r·ªông so v·ªõi chi·ªÅu cao v√† c√¢n n·∫∑ng c·ªßa t√¥i. Tr∆∞·ªõc ƒë√≥ ƒë√£ nt nh·ªù shop t∆∞ v·∫•n r·ªìi. Nh·∫≠n h√†ng m·∫∑c v√†o nh√¨n r·ªông v√† gi√†, t√¥i li√™n h·ªá shop th√¨ h∆∞·ªõng d·∫´n h·ªó tr·ª£ ƒë·ªïi tr·∫£ qua tin nh·∫Øn tr√™n app shopee th√¨ shop nt l√≤ng v√≤ng. Sau ƒë√≥ k·∫øt b·∫°n Zalo v·ªõi shop nt ƒë·ªïi l·∫°i size v√† m√†u kh√°c th√¨ ph√≠ ship t√¥i ch·ªãu 40k. Trong khi t√¥i mua c√°c SP c·ªßa shop kh√°c c≈©ng ship t·ª´ HCM ƒë·∫øn B√¨nh D∆∞∆°ng c√≥ 25k l√† c√πng. C√°i √°o n√≥ nh·∫π h√¨u m√† ph√≠ 40k. T√¥i mu·ªën tr·∫£ h√†ng v·ªõi l√Ω do kh√¥ng c√≤n nhu c·∫ßu s·ª≠ d·ª•ng. Sp c√≤n nguy√™n v·∫πn. Shop ƒë·ªìng √Ω. Sau ƒë√≥ t√¥i g·ª≠i YC ƒë·∫øn shopee, shopee YC t√¥i g·ª≠i h√¨nh ·∫£nh v√† video 6 m·∫∑t ki·ªán h√†ng. Tr·ªùi ·∫°, √°o shop ƒë√≥ng g√≥i trong b·ªãch d·∫πp l√©p c√≥ ph·∫£i h·ªôp carton ƒë√¢u m√† k√™u quay ƒë·ªß 6 m·∫∑t. NV ti·∫øp nh·∫≠n x·ª≠ l√Ω ƒë√∫ng l√† n√£o c√≥ v·∫•n ƒë·ªÅ, lv m√°y m√≥c. T√¥i mua h√†ng tr√™n shopee r·∫•t nhi·ªÅu, l√† th√†nh vi√™n h·∫°ng v√†ng, m√† l·∫ßn tr√£i nghi·ªám mua ƒë∆°n h√†ng n√†y c·ªßa shop v√† c√°ch x·ª≠ l√Ω tr·∫£ h√†ng c·ªßa shopee l√†m t√¥i ·ª©c ch·∫ø qu√°! H√†ng mua r·ªìi gi·ªù ko m·∫∑c ƒë∆∞·ª£c. Tr·∫£ h√†ng c≈©ng ko ƒë∆∞·ª£c. Ch√°n qu√° ch√°n ! Mn c√≥ mua h√†ng tr√™n s√†n shopee l∆∞u √Ω v·∫•n ƒë·ªÅ quay ch·ª•p l·∫°i s·∫£n ph·∫©m trong qu√° tr√¨nh mua h√†ng. Ch·ª© kh√¥ng t·ªõi l√∫c ƒë·ªïi tr·∫£ tr·∫ßn ai, m√† ·ª©c ch·∫ø","√Åo thun nam Hafos RELAXED TEE, ch·∫•t li·ªáu thun cotton, form r·ªông, tho·∫£i m√°i, th·ªùi trang nam."
5,"M√¨nh nh·∫≠n √°o r·ªìi, v·∫£i ck m√¨nh m·∫∑c r·∫•t ƒë·∫πp. ∆Øng l·∫ßn sau m√¨nh mua ti·∫øp","√Åo thun nam Hafos RELAXED TEE, ch·∫•t li·ªáu thun cotton, form r·ªông, tho·∫£i m√°i, th·ªùi trang nam."
5,"Ch·∫•t v·∫£i ƒë·∫πp l·∫Øm, √°o chu·∫©n form, ƒë√≥ng g√≥i v√† giao h√†ng nhanh, s·∫Ω ·ªßng h·ªô th√™m","√Åo thun nam Hafos RELAXED TEE, ch·∫•t li·ªáu thun cotton, form r·ªông, tho·∫£i m√°i, th·ªùi trang nam."
5,"√Åo ƒë·∫πp qu√° tr·ªùi, ƒë√∫ng l√† ti·ªÅn n√†o c·ªßa n·∫•yyy n√™n mua nh√° mn üëçüèªüëçüèªüëçüèªüëçüèªüëçüèª","√Åo thun nam Hafos RELAXED TEE, ch·∫•t li·ªáu thun cotton, form r·ªông, tho·∫£i m√°i, th·ªùi trang nam."
5,√Åo ƒë·∫πp nh∆∞ng m√† form to nha m·ªçi ng∆∞·ªùi size M l√† nh·ªè nh·∫•t r·ªìi nh∆∞ng n√≥ b·∫±ng size XL b√¨nh th∆∞·ªùng ƒë√≥ Ch·ªìng m√¨nh 1m7 62kg m·∫∑c r·ªông,"√Åo thun nam Hafos RELAXED TEE, ch·∫•t li·ªáu thun cotton, form r·ªông, tho·∫£i m√°i, th·ªùi trang nam."
5,ƒê√∫ng v·ªõi m√¥ t·∫£:ƒë√∫ng M√†u s·∫Øc:be Ch·∫•t li·ªáu:..  √Åo ƒë·∫πp ch·∫•t l∆∞·ª£ng n√™n mua nha mn H√¨nh ·∫£nh = nh·∫≠n suüôÇ,"√Åo thun nam Hafos RELAXED TEE, ch·∫•t li·ªáu thun cotton, form r·ªông, tho·∫£i m√°i, th·ªùi trang nam."
5,"Sorry shop v√¨ h√¨nh ·∫£nh ko li√™n quan nh√© ·∫°, √°o ƒë·∫πp gi√° r·∫ª nh∆∞ng form r·ªông nh√© m·ªçi ng, ch·ªìng m√¨nh m68 n·∫∑ng 65kg size m v·∫´n h∆°i r·ªông √≠ ·∫°","√Åo thun nam Hafos RELAXED TEE, ch·∫•t li·ªáu thun cotton, form r·ªông, tho·∫£i m√°i, th·ªùi trang nam."
5,"√Åo d√†y d·∫∑n, form r·ªông n√™n m·∫∑c tho·∫£i m√°i nha, n·∫øu th√≠ch v·ª´a v·∫∑n th√¨ c√≥ th·ªÉ l√πi size m·∫∑c s·∫Ω ƒë·∫πp h∆°n","√Åo thun nam Hafos RELAXED TEE, ch·∫•t li·ªáu thun cotton, form r·ªông, tho·∫£i m√°i, th·ªùi trang nam."
5,"S·∫£n ph·∫©m ƒë·∫πp n√™n mua, h·ªôp h∆°i m√≥p t√≠ nh∆∞ng v·∫´n ·ªïnüè°üè°üè°üè°üè°üè°üè°üè°üè°üè°üè°üè°","√Åo thun nam Hafos RELAXED TEE, ch·∫•t li·ªáu thun cotton, form r·ªông, tho·∫£i m√°i, th·ªùi trang nam."
3,"M·∫´u, m√†u th√¨ ƒë·∫πp nh∆∞ng ch·∫•t li·ªáu d√†y m√† b√≠ h∆°n m√¨nh t∆∞·ªüng, ch·ªìng v√† em trai ƒë·ªÅu k√™u d√†y n√≥ng qu√°, h∆°i bu·ªìn. N√≥i chung s·∫Ω kh√¥ng mua l·∫°i v√¨ kh√¥ng ph√π h·ª£p v·ªõi kh√≠ h·∫≠u ch·ªó m√¨nh.","√Åo thun nam Hafos RELAXED TEE, ch·∫•t li·ªáu thun cotton, form r·ªông, tho·∫£i m√°i, th·ªùi trang nam."
5,"√Åo ch·∫•t li·ªáu d√†y x·ªãn, h√¨nh th√™u s·∫Øc x·∫£o r·∫•t ok nha n√™n mua nha mn ∆°i","√Åo thun nam Hafos RELAXED TEE, ch·∫•t li·ªáu thun cotton, form r·ªông, tho·∫£i m√°i, th·ªùi trang nam."
5,√Åo ƒë·∫πp nh∆∞ng qu√° r·ªông. Mua size nh·ªè nh·∫•t r·ªìi nh∆∞ng v·∫´n r·∫•t r·ªông. √Åo n√†y ch·ªâ ƒëanh cho nh·ªØng ai cao to th·ª±c s·ª±.,"√Åo thun nam Hafos RELAXED TEE, ch·∫•t li·ªáu thun cotton, form r·ªông, tho·∫£i m√°i, th·ªùi trang nam."
5,Ao okla nha moi nguoi mac cung mat lam nen mua cho ban nam nha thoai mai,"√Åo thun nam Hafos RELAXED TEE, ch·∫•t li·ªáu thun cotton, form r·ªông, tho·∫£i m√°i, th·ªùi trang nam."
5,√Åo ƒë·∫πp K c√≥ ch·ªâ th·ª´a lu√¥n,"√Åo thun nam Hafos RELAXED TEE, ch·∫•t li·ªáu thun cotton, form r·ªông, tho·∫£i m√°i, th·ªùi trang nam."
5,M√†u s·∫Øc:kem Ch·∫•t li·ªáu:coton ƒê√∫ng v·ªõi m√¥ t·∫£:ƒëubgs  Form h∆°i d√†i ·∫° ƒëc c√°i v√£i ƒë·∫πp n√™n th√¥i c≈©ng t·∫°m ch·∫•p nh·∫≠n,"√Åo thun nam Hafos RELAXED TEE, ch·∫•t li·ªáu thun cotton, form r·ªông, tho·∫£i m√°i, th·ªùi trang nam."
5,M√¨nh 1m75. N·∫∑ng 68kg. Nh∆∞ng √°o n√†y form qu√° r·ªông. L∆∞·ªùi ƒë·ªïi size qua. B·ªØa tr∆∞·ªõc m√¨nh c≈©ng mua Hafos size L l·∫°i v·ª´a. M·ªçi ng∆∞·ªùi l∆∞u √Ω gi·∫£m size n·∫øu c·∫ßn nh√©,"√Åo thun nam Hafos RELAXED TEE, ch·∫•t li·ªáu thun cotton, form r·ªông, tho·∫£i m√°i, th·ªùi trang nam."
5,"√°o x·∫•u, k ƒë√∫ng vs h√¨nh ·∫£nh","√Åo thun nam Hafos RELAXED TEE, ch·∫•t li·ªáu thun cotton, form r·ªông, tho·∫£i m√°i, th·ªùi trang nam."
2,"√Åo r·ªông, m·∫∑c l√™n phom x·∫•u","√Åo thun nam Hafos RELAXED TEE, ch·∫•t li·ªáu thun cotton, form r·ªông, tho·∫£i m√°i, th·ªùi trang nam."
5,"ƒê√∫ng v·ªõi m√¥ t·∫£:ƒë√∫ng M√†u s·∫Øc:ƒëen v√†  x√°m Ch·∫•t li·ªáu:thun  Shop chu·∫©n b·ªã h√†ng nhanh  Giao h√†ng ƒë·∫ßy ƒë·ªß,  Fom h∆°i r·ªông x√≠u","√Åo thun nam Hafos RELAXED TEE, ch·∫•t li·ªáu thun cotton, form r·ªông, tho·∫£i m√°i, th·ªùi trang nam."
5,"H√¨nh ·∫£nh v√† video mang t√≠nh ch·∫•t nh·∫≠n xu, ƒë·ªì ƒë·∫πp, v·∫£i ok l·∫Øm nha m·ªçi ng∆∞·ªùi ∆°i","√Åo thun nam Hafos RELAXED TEE, ch·∫•t li·ªáu thun cotton, form r·ªông, tho·∫£i m√°i, th·ªùi trang nam."
5,Giao h√†ng nhanh ƒë√≥ng g√≥i ƒë·∫πp c·∫©n th·∫≠n ch·∫•t l∆∞·ª£ng s·∫£n ph·∫©m tuy·ªát v·ªùi,"√Åo thun nam Hafos RELAXED TEE, ch·∫•t li·ªáu thun cotton, form r·ªông, tho·∫£i m√°i, th·ªùi trang nam."
5,"""Chi·∫øc"" nail b·∫•t ·ªïn m·ªõi s∆°n ƒë·∫øn l·ªõp base th√¨ m·∫•t ƒëi·ªánüòÄ, to√°t m·ªì h√¥i ƒë√≠t m·ªõi ho√†n th√†nh xong.","√Åo thun nam Hafos RELAXED TEE, ch·∫•t li·ªáu thun cotton, form r·ªông, tho·∫£i m√°i, th·ªùi trang nam."
5,"N∆∞·ªõc Gi·∫£i Kh√°t Mirinda c√≥ h∆∞∆°ng x√° x·ªã t·ª± nhi√™n, ƒë·ªôc ƒë√°o gi√∫p b·∫°n gi·∫£i nhanh c∆°n kh√°t, v·ªõi viÃ£ gas nh·∫π l√† th·ª©c u·ªëng gi·∫£i kh√°t tuy·ªát v·ªùi d√†nh cho m·ªçi l·ª©a tu·ªïi.","√Åo thun nam Hafos RELAXED TEE, ch·∫•t li·ªáu thun cotton, form r·ªông, tho·∫£i m√°i, th·ªùi trang nam."
5,"H√¨nh ·∫£nh ch·ªâ mang t√≠nh ch·∫•t minh ho·∫°, ch·∫•t v·∫£i v·ª´a ph·∫£i, d√†y d·∫∑n","√Åo thun nam Hafos RELAXED TEE, ch·∫•t li·ªáu thun cotton, form r·ªông, tho·∫£i m√°i, th·ªùi trang nam."
4,T·∫°m,"√Åo thun nam Hafos RELAXED TEE, ch·∫•t li·ªáu thun cotton, form r·ªông, tho·∫£i m√°i, th·ªùi trang nam."
5,,"√Åo thun nam Hafos RELAXED TEE, ch·∫•t li·ªáu thun cotton, form r·ªông, tho·∫£i m√°i, th·ªùi trang nam."
5,,"√Åo thun nam Hafos RELAXED TEE, ch·∫•t li·ªáu thun cotton, form r·ªông, tho·∫£i m√°i, th·ªùi trang nam."
5,,"√Åo thun nam Hafos RELAXED TEE, ch·∫•t li·ªáu thun cotton, form r·ªông, tho·∫£i m√°i, th·ªùi trang nam."
5,,"√Åo thun nam Hafos RELAXED TEE, ch·∫•t li·ªáu thun cotton, form r·ªông, tho·∫£i m√°i, th·ªùi trang nam."
4,,"√Åo thun nam Hafos RELAXED TEE, ch·∫•t li·ªáu thun cotton, form r·ªông, tho·∫£i m√°i, th·ªùi trang nam."
5,,"√Åo thun nam Hafos RELAXED TEE, ch·∫•t li·ªáu thun cotton, form r·ªông, tho·∫£i m√°i, th·ªùi trang nam."
5,,"√Åo thun nam Hafos RELAXED TEE, ch·∫•t li·ªáu thun cotton, form r·ªông, tho·∫£i m√°i, th·ªùi trang nam."
5,,"√Åo thun nam Hafos RELAXED TEE, ch·∫•t li·ªáu thun cotton, form r·ªông, tho·∫£i m√°i, th·ªùi trang nam."
5,,"√Åo thun nam Hafos RELAXED TEE, ch·∫•t li·ªáu thun cotton, form r·ªông, tho·∫£i m√°i, th·ªùi trang nam."
5,,"√Åo thun nam Hafos RELAXED TEE, ch·∫•t li·ªáu thun cotton, form r·ªông, tho·∫£i m√°i, th·ªùi trang nam."
5,,"√Åo thun nam Hafos RELAXED TEE, ch·∫•t li·ªáu thun cotton form r·ªông, th·ªùi trang nam, √°o thun m√†u be, m√†u kem"
5,,"√Åo thun nam Hafos RELAXED TEE, ch·∫•t li·ªáu thun cotton, form r·ªông, tho·∫£i m√°i, th·ªùi trang nam."
5,,"√Åo thun nam Hafos RELAXED TEE, ch·∫•t li·ªáu thun cotton, form r·ªông, tho·∫£i m√°i, th·ªùi trang nam."
5,,"√Åo thun nam Hafos RELAXED TEE, ch·∫•t li·ªáu thun cotton, form r·ªông, tho·∫£i m√°i, th·ªùi trang nam."
5,,"√Åo thun nam Hafos RELAXED TEE, ch·∫•t li·ªáu thun cotton, form r·ªông, tho·∫£i m√°i, th·ªùi trang nam."
5,,"√Åo thun nam Hafos RELAXED TEE, ch·∫•t li·ªáu thun cotton, form r·ªông, tho·∫£i m√°i, th·ªùi trang nam."
5,,"√Åo thun nam Hafos RELAXED TEE, ch·∫•t li·ªáu thun cotton, form r·ªông, tho·∫£i m√°i, th·ªùi trang nam."
5,,"√Åo thun nam Hafos RELAXED TEE, ch·∫•t li·ªáu thun cotton, form r·ªông, tho·∫£i m√°i, th·ªùi trang nam."
5,,"√Åo thun nam Hafos RELAXED TEE, ch·∫•t li·ªáu thun cotton, form r·ªông, tho·∫£i m√°i, th·ªùi trang nam."
5,,"√Åo thun nam Hafos RELAXED TEE, ch·∫•t li·ªáu thun cotton, form r·ªông, tho·∫£i m√°i, th·ªùi trang nam."
5,,"√Åo thun nam Hafos RELAXED TEE, ch·∫•t li·ªáu thun cotton, form r·ªông, tho·∫£i m√°i, th·ªùi trang nam."
5,,"√Åo thun nam Hafos RELAXED TEE, ch·∫•t li·ªáu thun cotton, form r·ªông, tho·∫£i m√°i, th·ªùi trang nam."
5,,"√Åo thun nam Hafos RELAXED TEE, ch·∫•t li·ªáu thun cotton, form r·ªông, tho·∫£i m√°i, th·ªùi trang nam."
4,,"√Åo thun nam Hafos RELAXED TEE, ch·∫•t li·ªáu thun cotton, form r·ªông, tho·∫£i m√°i, th·ªùi trang nam."
2,,"√Åo thun nam Hafos RELAXED TEE, ch·∫•t li·ªáu thun cotton, form r·ªông, tho·∫£i m√°i, th·ªùi trang nam."
5,,"√Åo thun nam Hafos RELAXED TEE, ch·∫•t li·ªáu thun cotton, form r·ªông, tho·∫£i m√°i, th·ªùi trang nam."
5,,"√Åo thun nam Hafos RELAXED TEE, ch·∫•t li·ªáu thun cotton, form r·ªông, tho·∫£i m√°i, th·ªùi trang nam."
5,,"√Åo thun nam Hafos RELAXED TEE, ch·∫•t li·ªáu thun cotton, form r·ªông, tho·∫£i m√°i, th·ªùi trang nam."
5,,"√Åo thun nam Hafos RELAXED TEE, ch·∫•t li·ªáu thun cotton, form r·ªông, tho·∫£i m√°i, th·ªùi trang nam."
5,,"√Åo thun nam Hafos RELAXED TEE, ch·∫•t li·ªáu thun cotton, form r·ªông, tho·∫£i m√°i, th·ªùi trang nam."
5,,"√Åo thun nam Hafos RELAXED TEE, ch·∫•t li·ªáu thun cotton, form r·ªông, tho·∫£i m√°i, th·ªùi trang nam."
5,,"√Åo thun nam Hafos RELAXED TEE, ch·∫•t li·ªáu thun cotton, form r·ªông, tho·∫£i m√°i, th·ªùi trang nam."
4,,"√Åo thun nam Hafos RELAXED TEE, ch·∫•t li·ªáu thun cotton, form r·ªông, tho·∫£i m√°i, th·ªùi trang nam."
5,,"√Åo thun nam Hafos RELAXED TEE, ch·∫•t li·ªáu thun cotton, form r·ªông, tho·∫£i m√°i, th·ªùi trang nam."
5,,"√Åo thun nam Hafos RELAXED TEE, ch·∫•t li·ªáu thun cotton, form r·ªông, tho·∫£i m√°i, th·ªùi trang nam."
5,,"√Åo thun nam Hafos RELAXED TEE, ch·∫•t li·ªáu thun cotton, form r·ªông, tho·∫£i m√°i, th·ªùi trang nam."
5,,"√Åo thun nam Hafos RELAXED TEE, ch·∫•t li·ªáu thun cotton, form r·ªông, tho·∫£i m√°i, th·ªùi trang nam."
5,,"√Åo thun nam Hafos RELAXED TEE, ch·∫•t li·ªáu thun cotton, form r·ªông, tho·∫£i m√°i, th·ªùi trang nam."
5,,"√Åo thun nam Hafos RELAXED TEE, ch·∫•t li·ªáu thun cotton, form r·ªông, tho·∫£i m√°i, th·ªùi trang nam."
5,,"√Åo thun nam Hafos RELAXED TEE, ch·∫•t li·ªáu thun cotton, form r·ªông, tho·∫£i m√°i, th·ªùi trang nam."
5,,"√Åo thun nam Hafos RELAXED TEE, ch·∫•t li·ªáu thun cotton, form r·ªông, tho·∫£i m√°i, th·ªùi trang nam."
5,,"√Åo thun nam Hafos RELAXED TEE, ch·∫•t li·ªáu thun cotton, form r·ªông, tho·∫£i m√°i, th·ªùi trang nam."
5,,"√Åo thun nam Hafos RELAXED TEE, ch·∫•t li·ªáu thun cotton, form r·ªông, tho·∫£i m√°i, th·ªùi trang nam."
5,,"√Åo thun nam Hafos RELAXED TEE, ch·∫•t li·ªáu thun cotton, form r·ªông, tho·∫£i m√°i, th·ªùi trang nam."
5,,"√Åo thun nam Hafos RELAXED TEE, ch·∫•t li·ªáu thun cotton, form r·ªông, tho·∫£i m√°i, th·ªùi trang nam."
5,,"√Åo thun nam Hafos RELAXED TEE, ch·∫•t li·ªáu thun cotton, form r·ªông, tho·∫£i m√°i, th·ªùi trang nam."
5,,"√Åo thun nam Hafos RELAXED TEE, ch·∫•t li·ªáu thun cotton, form r·ªông, tho·∫£i m√°i, th·ªùi trang nam."
5,,"√Åo thun nam Hafos RELAXED TEE, ch·∫•t li·ªáu thun cotton, form r·ªông, tho·∫£i m√°i, th·ªùi trang nam."
5,,"√Åo thun nam Hafos RELAXED TEE, ch·∫•t li·ªáu thun cotton, form r·ªông, tho·∫£i m√°i, th·ªùi trang nam."
5,,"√Åo thun nam Hafos RELAXED TEE, ch·∫•t li·ªáu thun cotton, form r·ªông, tho·∫£i m√°i, th·ªùi trang nam."
5,,"√Åo thun nam Hafos RELAXED TEE, ch·∫•t li·ªáu thun cotton, form r·ªông, tho·∫£i m√°i, th·ªùi trang nam."
5,,"√Åo thun nam Hafos RELAXED TEE, ch·∫•t li·ªáu thun cotton, form r·ªông, tho·∫£i m√°i, th·ªùi trang nam."
5,,"√Åo thun nam Hafos RELAXED TEE, ch·∫•t li·ªáu thun cotton, form r·ªông, tho·∫£i m√°i, th·ªùi trang nam."
5,,"√Åo thun nam Hafos RELAXED TEE, ch·∫•t li·ªáu thun cotton, form r·ªông, tho·∫£i m√°i, th·ªùi trang nam."
5,,"√Åo thun nam Hafos RELAXED TEE, ch·∫•t li·ªáu thun cotton, form r·ªông, tho·∫£i m√°i, th·ªùi trang nam."
5,,"√Åo thun nam Hafos RELAXED TEE, ch·∫•t li·ªáu thun cotton, form r·ªông, tho·∫£i m√°i, th·ªùi trang nam."
5,,"√Åo thun nam Hafos RELAXED TEE, ch·∫•t li·ªáu thun cotton, form r·ªông, tho·∫£i m√°i, th·ªùi trang nam."
